state,category,subcategory,variable,units,frozen_pol_2022,frozen_pol_2024,frozen_pol_2026,frozen_pol_2028,frozen_pol_2030,frozen_pol_2035,frozen_pol_2040,frozen_pol_2050,net-zero_pol_2022,net-zero_pol_2024,net-zero_pol_2026,net-zero_pol_2028,net-zero_pol_2030,net-zero_pol_2035,net-zero_pol_2040,net-zero_pol_2050,bbb-sept_pol_2022,bbb-sept_pol_2024,bbb-sept_pol_2026,bbb-sept_pol_2028,bbb-sept_pol_2030,bbb-sept_pol_2035,bbb-sept_pol_2040,bbb-sept_pol_2050,bbb-nov_pol_2022,bbb-nov_pol_2024,bbb-nov_pol_2026,bbb-nov_pol_2028,bbb-nov_pol_2030,bbb-nov_pol_2035,bbb-nov_pol_2040,bbb-nov_pol_2050,iija_pol_2022,iija_pol_2024,iija_pol_2026,iija_pol_2028,iija_pol_2030,iija_pol_2035,iija_pol_2040,iija_pol_2050
National,GHG Emissions,Gross GHGs,Gross GHG emissions - total (excluding changes in land sinks),MMT CO2-equivalent,5989,5690,5779,5734,5560,5296,5389,5719,5937,5591,5116,4636,4155,3184,2366,730,5981,5623,5217,4654,4116,3670,3773,4205,5966,5575,5251,4717,4274,3635,3710,4177,5987,5676,5745,5687,5489,5164,5206,5403
National,GHG Emissions,Non-CO2 GHGs,Non-CO2 GHG emissions - total,MMT CO2-equivalent,1354,1319,1357,1370,1326,1169,1189,1227,1306,1258,1207,1144,1080,893,859,790,1342,1257,1215,1207,1149,981,986,1004,1342,1257,1218,1211,1158,992,997,1008,1353,1318,1354,1369,1326,1171,1194,1234
National,GHG Emissions,CO2 by fuel,CO2 Emissions - Total,MMT,4635,4371,4422,4364,4234,4128,4200,4492,4631,4333,3909,3492,3075,2291,1507,-60.1,4640,4366,4002,3447,2967,2688,2787,3201,4624,4318,4034,3506,3116,2643,2713,3169,4634,4358,4391,4318,4163,3992,4012,4169
National,GHG Emissions,CO2 by fuel,CO2 Emissions - Coal And Coke,MMT,1212,824,801,832,783,706,683,627,1229,829,424,182,81.5,64.8,45,12.6,1192,841,641,417,321,333,320,353,1219,854,701,506,441,590,571,393,1214,819,836,881,836,780,768,682
National,GHG Emissions,CO2 by fuel,CO2 Emissions - Diesel,MMT,619,623,620,611,603,587,582,610,617,616,592,545,498,317,160,9.6,616,616,591,541,492,375,341,351,614,614,585,529,473,339,323,354,617,619,603,572,540,454,399,374
National,GHG Emissions,CO2 by fuel,CO2 Emissions - Geologic CO2 Sequestration,MMT,-0.033,-0.045,-0.053,-0.065,-0.079,-0.116,-0.142,-0.199,-0.218,-0.249,-8.41,-16.6,-46.4,-153,-395,-897,-0.015,-24.1,-69.9,-113,-192,-160,-69.7,-31.4,-7.33,-51,-108,-140,-200,-428,-360,-46,-0.193,-0.252,-15.2,-16,-15.3,-17.2,-17.9,-22.1
National,GHG Emissions,CO2 by fuel,CO2 Emissions - Jet Fuel,MMT,214,252,273,277,280,299,314,351,208,241,255,253,250,250,246,105,214,252,273,277,280,299,314,351,214,252,273,277,280,279,314,351,214,252,273,277,280,299,314,351
National,GHG Emissions,CO2 by fuel,CO2 Emissions - Natural Gasoline,MMT,1102,1121,1115,1083,1052,999,982,1010,1095,1105,1052,938,824,439,188,6.47,1100,1113,1049,906,764,592,617,752,1102,1117,1055,918,779,576,560,650,1109,1131,1118,1070,1021,938,890,838
National,GHG Emissions,CO2 by fuel,CO2 Emissions - Natural Natural Gas,MMT,1315,1384,1457,1402,1356,1347,1421,1606,1309,1375,1437,1436,1315,1208,1087,582,1347,1404,1363,1265,1149,1073,1062,1154,1310,1367,1373,1264,1190,1109,1102,1193,1307,1371,1420,1378,1341,1350,1441,1659
National,GHG Emissions,CO2 by fuel,CO2 Emissions - Non-Energy CO2,MMT,105,108,110,112,114,118,123,135,105,108,110,112,114,118,123,135,105,108,110,112,114,118,123,135,105,108,110,112,114,118,123,135,105,108,110,112,114,118,123,135
National,GHG Emissions,CO2 by fuel,CO2 Emissions - Other Fossil,MMT,384,399,401,407,413,431,442,469,383,396,395,396,396,396,390,302,383,396,399,401,405,419,426,453,384,398,399,401,406,420,428,455,384,398,400,405,412,430,441,469
National,GHG Emissions,CO2 by fuel,CO2 Emissions - Product And Bunkering CO2,MMT,-316,-340,-354,-360,-366,-360,-346,-316,-315,-336,-349,-353,-357,-350,-336,-316,-316,-340,-354,-360,-366,-360,-346,-316,-316,-340,-354,-360,-366,-360,-346,-316,-316,-340,-354,-360,-366,-360,-346,-316
National,Energy Expenditures,Total U.S. expenditures,Expenditures,billion 2019 USD,N/A,N/A,N/A,N/A,N/A,N/A,N/A,N/A,N/A,N/A,N/A,N/A,N/A,N/A,N/A,N/A,887,918,930,917,902,948,1115,1363,893,929,941,940,938,954,1064,1357,897,941,969,985,1005,1052,1090,1292
National,Energy Expenditures,Change in U.S. energy expenditures,Difference in Expenditures vs IIJA,billion 2019 USD,N/A,N/A,N/A,N/A,N/A,N/A,N/A,N/A,N/A,N/A,N/A,N/A,N/A,N/A,N/A,N/A,-10.6,-22.1,-38.7,-68.1,-103,-103,25.3,71.2,-3.8,-11.5,-27.8,-45.6,-66.8,-97.7,-25.7,65.1,0,0,0,0,0,0,0,0
National,Energy Expenditures,Percent change in U.S. energy expenditures,Difference in Expenditures vs IIJA,%,N/A,N/A,N/A,N/A,N/A,N/A,N/A,N/A,N/A,N/A,N/A,N/A,N/A,N/A,N/A,N/A,-1.2,-2.4,-4,-6.9,-10.2,-9.8,2.3,5.5,-0.4,-1.2,-2.9,-4.6,-6.6,-9.3,-2.4,5,0,0,0,0,0,0,0,0
National,Energy Expenditures,Change in household energy expenditures,Difference in Expenditures vs IIJA,$ per average household per year,N/A,N/A,N/A,N/A,N/A,N/A,N/A,N/A,N/A,N/A,N/A,N/A,N/A,N/A,N/A,N/A,-35.7,-74.6,-123,-246,-426,-499,-149,27.5,-19,-42.9,-89.3,-170,-296,-472,-243,111,0,0,0,0,0,0,0,0
National,Capital Investments,Investments by sector,Investments - Total,billion 2019 USD,N/A,N/A,N/A,N/A,N/A,N/A,N/A,N/A,N/A,N/A,N/A,N/A,N/A,N/A,N/A,N/A,149,175,330,441,663,304,154,290,148,182,331,427,459,981,149,414,156,172,156,123,191,169,143,506
National,Capital Investments,Investments by sector,Investments - CO2 Transport & Storage,billion 2019 USD,N/A,N/A,N/A,N/A,N/A,N/A,N/A,N/A,N/A,N/A,N/A,N/A,N/A,N/A,N/A,N/A,-0.025,0.827,4.74,2.52,3.42,2.43,2.35,5.57,0.157,1.9,6.42,4.07,5.39,11.1,5.75,2.84,0.011,0.003,3.13,0.193,0.12,0.171,0.223,0.43
National,Capital Investments,Investments by sector,Investments - Fuel Conversion,billion 2019 USD,N/A,N/A,N/A,N/A,N/A,N/A,N/A,N/A,N/A,N/A,N/A,N/A,N/A,N/A,N/A,N/A,0.706,0.539,14.4,17.9,59.4,11.3,5.26,27.9,0.664,0.513,12.3,18.9,32.6,105,6.08,47.2,0.793,0.965,8.85,1.53,2.04,2.21,3.68,16.5
National,Capital Investments,Investments by sector,Investments - Power Generation,billion 2019 USD,N/A,N/A,N/A,N/A,N/A,N/A,N/A,N/A,N/A,N/A,N/A,N/A,N/A,N/A,N/A,N/A,148,172,299,415,578,287,141,256,146,176,310,403,407,861,132,359,155,171,144,121,189,167,139,486
National,Capital Investments,Investments by sector,Investments - Transmission,billion 2019 USD,N/A,N/A,N/A,N/A,N/A,N/A,N/A,N/A,N/A,N/A,N/A,N/A,N/A,N/A,N/A,N/A,0.3,1.92,11.7,4.88,21.9,3.08,5.66,0.801,0.41,3.1,2.3,0.941,13.9,3.86,5.34,4.74,0.337,0.051,0.061,-0.002,0.041,0.122,0.022,2.35
National,Residential,Equipment sales -  Residential Space Heating,Share - Electric Resistance,share,0.239,0.24,0.24,0.24,0.239,0.236,0.23,0.226,0.259,0.249,0.221,0.17,0.127,0.095,0.093,0.093,0.216,0.205,0.176,0.124,0.095,0.09,0.084,0.065,0.216,0.205,0.176,0.124,0.122,0.117,0.11,0.077,0.216,0.212,0.212,0.211,0.21,0.207,0.2,0.168
National,Residential,Equipment sales -  Residential Space Heating,Share - Heat Pump,share,0.149,0.149,0.15,0.152,0.156,0.166,0.166,0.18,0.151,0.201,0.342,0.588,0.786,0.854,0.857,0.857,0.28,0.331,0.474,0.717,0.813,0.819,0.827,0.846,0.28,0.331,0.474,0.717,0.719,0.731,0.742,0.777,0.28,0.299,0.301,0.305,0.31,0.327,0.339,0.375
National,Residential,Equipment sales -  Residential Space Heating,Share - Natural Gas,share,0.468,0.467,0.466,0.464,0.463,0.465,0.477,0.481,0.42,0.39,0.303,0.154,0.035,0.014,0.014,0.014,0.372,0.342,0.258,0.11,0.051,0.05,0.049,0.048,0.372,0.342,0.258,0.11,0.11,0.102,0.098,0.097,0.372,0.362,0.363,0.366,0.368,0.362,0.358,0.356
National,Residential,Equipment sales -  Residential Space Heating,Share - Other Fossil,share,0.129,0.129,0.128,0.128,0.127,0.12,0.115,0.103,0.149,0.14,0.114,0.069,0.032,0.017,0.017,0.017,0.112,0.101,0.072,0.029,0.02,0.021,0.021,0.021,0.112,0.101,0.072,0.029,0.029,0.03,0.03,0.029,0.112,0.107,0.104,0.098,0.092,0.083,0.083,0.081
National,Residential,Equipment sales -  Residential Space Heating,Share - Wood Stoves,share,0.015,0.015,0.015,0.015,0.015,0.013,0.012,0.01,0.02,0.02,0.02,0.02,0.02,0.02,0.02,0.019,0.02,0.02,0.02,0.02,0.02,0.02,0.02,0.019,0.02,0.02,0.02,0.02,0.02,0.02,0.02,0.019,0.02,0.02,0.02,0.02,0.02,0.02,0.02,0.02
National,Residential,Equipment sales -  Residential Water Heating,Share - Electric Resistance,share,0.392,0.387,0.383,0.383,0.384,0.395,0.394,0.389,0.392,0.402,0.432,0.483,0.525,0.55,0.551,0.55,0.383,0.372,0.34,0.313,0.314,0.318,0.319,0.318,0.383,0.372,0.34,0.313,0.314,0.318,0.319,0.318,0.388,0.388,0.388,0.389,0.389,0.392,0.392,0.394
National,Residential,Equipment sales -  Residential Water Heating,Share - Heat Pump,share,0,0,0,0,0,0,0,0,0.011,0.04,0.121,0.262,0.378,0.446,0.449,0.45,0.02,0.07,0.213,0.331,0.331,0.332,0.332,0.333,0.02,0.07,0.213,0.331,0.331,0.332,0.332,0.333,0,0,0,0,0,0,0,0
National,Residential,Equipment sales -  Residential Water Heating,Share - Natural Gas,share,0.557,0.563,0.569,0.571,0.571,0.566,0.57,0.58,0.535,0.5,0.401,0.229,0.087,0.004,0,0,0.535,0.5,0.401,0.319,0.318,0.314,0.314,0.314,0.535,0.5,0.401,0.319,0.318,0.314,0.314,0.314,0.549,0.549,0.548,0.548,0.548,0.546,0.546,0.545
National,Residential,Equipment sales -  Residential Water Heating,Share - Other Fossil,share,0.051,0.05,0.048,0.046,0.045,0.039,0.036,0.031,0.062,0.058,0.046,0.026,0.01,0,0,0,0.062,0.058,0.046,0.037,0.036,0.036,0.035,0.035,0.062,0.058,0.046,0.037,0.036,0.036,0.035,0.035,0.064,0.064,0.063,0.063,0.063,0.062,0.062,0.061
National,Residential,Final energy use -  Residential Space Heating,Energy - Total,quads,5.13,5.1,5.1,5.09,5.09,5.1,5.15,5.29,5.13,5.06,4.95,4.73,4.41,3.49,2.69,1.84,5.04,4.94,4.78,4.52,4.2,3.44,2.82,2.24,5.04,4.94,4.78,4.52,4.24,3.59,3.07,2.6,5.04,4.95,4.87,4.79,4.71,4.56,4.49,4.47
National,Residential,Final energy use -  Residential Space Heating,Energy - Biomass,quads,0.281,0.273,0.266,0.259,0.252,0.232,0.213,0.189,0.292,0.288,0.284,0.279,0.272,0.254,0.238,0.219,0.292,0.288,0.284,0.279,0.273,0.26,0.254,0.248,0.292,0.288,0.284,0.279,0.273,0.262,0.257,0.253,0.292,0.289,0.286,0.283,0.28,0.275,0.275,0.278
National,Residential,Final energy use -  Residential Space Heating,Energy - Electricity,quads,0.682,0.678,0.677,0.675,0.672,0.664,0.664,0.68,0.687,0.692,0.711,0.754,0.817,0.962,1.06,1.11,0.713,0.729,0.757,0.809,0.869,0.997,1.09,1.15,0.713,0.729,0.757,0.809,0.86,0.968,1.05,1.09,0.713,0.727,0.741,0.752,0.761,0.775,0.778,0.771
National,Residential,Final energy use -  Residential Space Heating,Energy - Other Fossil,quads,0.672,0.656,0.645,0.634,0.624,0.603,0.584,0.542,0.7,0.691,0.673,0.632,0.57,0.399,0.248,0.093,0.675,0.652,0.616,0.553,0.481,0.318,0.185,0.064,0.675,0.652,0.616,0.553,0.486,0.331,0.206,0.092,0.675,0.654,0.633,0.606,0.57,0.464,0.372,0.263
National,Residential,Final energy use -  Residential Space Heating,Energy - Pipeline Natural Gas,quads,3.49,3.49,3.51,3.53,3.54,3.6,3.68,3.88,3.45,3.39,3.28,3.06,2.75,1.88,1.14,0.416,3.36,3.27,3.13,2.88,2.57,1.86,1.29,0.782,3.36,3.27,3.13,2.88,2.62,2.03,1.56,1.17,3.36,3.28,3.21,3.15,3.1,3.04,3.06,3.16
National,Residential,Final energy use -  Residential Water Heating,Energy - Total,quads,1.75,1.73,1.69,1.67,1.67,1.69,1.72,1.82,1.75,1.72,1.65,1.54,1.4,1.08,0.898,0.87,1.75,1.71,1.63,1.52,1.43,1.26,1.19,1.24,1.75,1.71,1.63,1.52,1.43,1.26,1.19,1.24,1.76,1.73,1.7,1.68,1.67,1.69,1.72,1.82
National,Residential,Final energy use -  Residential Water Heating,Energy - Electricity,quads,0.631,0.625,0.613,0.604,0.6,0.603,0.615,0.647,0.627,0.625,0.628,0.652,0.695,0.801,0.841,0.87,0.625,0.62,0.612,0.61,0.611,0.61,0.603,0.621,0.625,0.62,0.612,0.61,0.611,0.61,0.603,0.621,0.625,0.618,0.607,0.601,0.599,0.605,0.618,0.654
National,Residential,Final energy use -  Residential Water Heating,Energy - Other Fossil,quads,0.108,0.1,0.093,0.088,0.085,0.078,0.072,0.064,0.117,0.113,0.105,0.091,0.073,0.029,0.006,0,0.117,0.113,0.105,0.094,0.085,0.067,0.06,0.062,0.117,0.113,0.105,0.094,0.085,0.067,0.06,0.062,0.118,0.115,0.112,0.111,0.111,0.112,0.113,0.118
National,Residential,Final energy use -  Residential Water Heating,Energy - Pipeline Natural Gas,quads,1.01,1,0.986,0.981,0.984,1.01,1.04,1.11,1.01,0.98,0.913,0.797,0.636,0.248,0.052,0,1.01,0.98,0.914,0.818,0.734,0.585,0.529,0.552,1.01,0.98,0.914,0.818,0.734,0.585,0.529,0.552,1.02,1,0.978,0.965,0.96,0.971,0.991,1.05
National,Residential,Equipment stocks -  Residential Space Heating,Stocks - Electric Resistance,million devices,30.5,30.7,31,31.3,31.5,32.1,32.7,34,31,31.5,31.6,31,29.7,25,20.1,17.1,29.8,29.6,29.1,27.8,26,21.3,17.1,14.5,29.8,29.6,29.1,27.8,26.4,22.7,19.7,17.8,29.8,29.6,29.5,29.3,29.2,29,29.3,29.3
National,Residential,Equipment stocks -  Residential Space Heating,Stocks - Heat Pump,million devices,14.6,15.2,15.9,16.6,17.2,18.8,20.3,23.2,14.3,15.5,18.4,24.5,33.9,61.5,89.2,122,18.1,21.2,25.9,34,44.3,69.9,93.5,119,18.1,21.2,25.9,34,42.9,65,85,106,18.1,20.9,23.8,26.6,29.5,35.8,40.3,47.2
National,Residential,Equipment stocks -  Residential Space Heating,Stocks - Natural Gas,million devices,52.1,53.6,55.1,56.5,57.9,61.1,64.1,69.9,51.1,51.6,51.1,48.5,43.9,30.2,16.3,2.33,49.7,49.5,48.3,45.1,40.4,28.4,17.2,7.64,49.7,49.5,48.3,45.1,41.3,31.5,22.4,15.4,49.7,49.6,49.6,49.6,49.6,49.9,50.9,53.9
National,Residential,Equipment stocks -  Residential Space Heating,Stocks - Other Fossil,million devices,21.9,21.8,21.7,21.6,21.5,21.3,21,20.5,22.5,22.6,22.4,21.6,20.1,15.9,11.6,5.13,21.4,20.9,20.1,18.7,17,12.9,9.26,5.03,21.4,20.9,20.1,18.7,17.2,13.4,10.1,6.48,21.4,21,20.5,20,19.4,17.8,16.6,15.8
National,Residential,Equipment stocks -  Residential Space Heating,Stocks - Wood Stoves,million devices,3.29,3.25,3.2,3.15,3.1,2.95,2.8,2.58,3.44,3.47,3.49,3.52,3.55,3.64,3.79,4.2,3.44,3.47,3.49,3.52,3.55,3.65,3.83,4.23,3.44,3.47,3.49,3.52,3.55,3.65,3.83,4.21,3.44,3.47,3.49,3.52,3.55,3.65,3.81,4.11
National,Residential,Equipment stocks -  Residential Water Heating,Stocks - Electric Resistance,million devices,63.7,64.8,65.7,66.6,67.3,69.4,71.5,75.6,62.8,64.2,66.1,69.2,73.1,81.9,84.7,87.2,62.6,63.4,63.5,62.6,61.5,57.9,54.9,56.3,62.6,63.4,63.5,62.6,61.5,57.9,54.9,56.3,62.8,63.8,64.9,66,67,69.2,71.3,75.6
National,Residential,Equipment stocks -  Residential Water Heating,Stocks - Heat Pump,million devices,0,0,0,0,0,0,0,0,0.247,0.999,3.4,9.06,17.9,42.8,60,70.5,0.469,1.8,6.03,14.4,22.6,41.2,52.5,58,0.469,1.8,6.03,14.4,22.6,41.2,52.5,58,0,0,0,0,0,0,0,0
National,Residential,Equipment stocks -  Residential Water Heating,Stocks - Natural Gas,million devices,61.3,62.6,64,65.4,66.7,69.7,72.4,77.6,61.3,61.4,59.4,53.4,43.7,17.8,3.81,0.014,61.3,61.4,59.4,54.6,49.9,40.7,37.2,39,61.3,61.4,59.4,54.6,49.9,40.7,37.2,39,61.6,62.6,63.6,64.4,65.3,67.5,69.7,73.8
National,Residential,Equipment stocks -  Residential Water Heating,Stocks - Other Fossil,million devices,6.43,6.2,6.02,5.87,5.75,5.4,5.03,4.48,7.04,7.02,6.79,6.12,5.02,2.05,0.438,0.002,7.04,7.01,6.79,6.25,5.73,4.66,4.22,4.37,7.04,7.01,6.79,6.25,5.73,4.66,4.22,4.37,7.08,7.16,7.27,7.39,7.5,7.74,7.92,8.27
National,Energy,Use by carrier,Energy - Total,quads,62,64,64.9,64.9,65,65.2,66.5,71.4,61.7,63.1,63,61.3,59.8,53.7,49.4,48.1,61.9,63.6,63.7,62.2,60.8,58.4,58.5,63.2,61.9,63.6,63.8,62.4,61.2,59,59.2,63.9,62,63.8,64.6,64.2,64,63.4,64.1,67.8
National,Energy,Use by carrier,Energy - Ammonia,quads,0,0,0,0,0,0,0,0,0,0,0.001,0.002,0.003,0.035,0.228,0.444,0,0,0,0,0,0,0,0,0,0,0,0,0,0,0,0,0,0,0,0,0,0,0,0
National,Energy,Use by carrier,Energy - Biomass & Waste,quads,0.473,0.47,0.466,0.461,0.455,0.435,0.414,0.384,0.483,0.485,0.484,0.48,0.476,0.457,0.439,0.414,0.483,0.485,0.484,0.48,0.476,0.463,0.455,0.443,0.483,0.485,0.484,0.48,0.477,0.465,0.458,0.448,0.484,0.486,0.486,0.485,0.484,0.478,0.476,0.473
National,Energy,Use by carrier,Energy - Coal & Coking Coal,quads,0.787,0.756,0.741,0.743,0.746,0.752,0.757,0.805,0.785,0.751,0.733,0.729,0.725,0.555,0.374,0.088,0.787,0.756,0.741,0.743,0.746,0.752,0.757,0.805,0.787,0.756,0.741,0.743,0.745,0.751,0.756,0.804,0.787,0.756,0.741,0.743,0.746,0.752,0.757,0.804
National,Energy,Use by carrier,Energy - Diesel Fuel,quads,7.7,7.75,7.73,7.62,7.51,7.32,7.25,7.6,7.68,7.67,7.38,6.79,6.2,3.95,2,0.587,7.66,7.67,7.36,6.75,6.13,4.78,4.25,4.38,7.65,7.64,7.29,6.59,5.89,4.6,4.17,4.42,7.68,7.7,7.52,7.13,6.74,5.66,4.98,4.66
National,Energy,Use by carrier,Energy - Electricity,quads,13.1,13.3,13.6,13.9,14.2,14.6,15.1,17.4,13.2,13.5,14.3,15.4,16.5,20.1,23.5,27.2,13.2,13.5,14.2,15.4,16.6,18.4,19,20.7,13.1,13.4,14.2,15.4,16.6,18.2,18.9,20.6,13.1,13.4,13.8,14.3,14.9,16,16.9,19.6
National,Energy,Use by carrier,Energy - Gasoline Fuel,quads,15.4,15.7,15.6,15.2,14.8,14.1,13.8,14.2,15.3,15.5,14.8,13.3,11.8,6.68,2.92,0.248,15.4,15.6,14.7,12.9,11,8.93,9.41,11.4,15.4,15.6,14.8,13,11.2,9.29,9.65,11.5,15.5,15.8,15.6,15,14.4,13.3,12.7,12.1
National,Energy,Use by carrier,Energy - Hydrogen,quads,0.499,0.522,0.538,0.548,0.557,0.58,0.592,0.614,0.502,0.528,0.595,0.704,0.813,1.63,2.53,3.91,0.507,0.538,0.613,0.732,0.852,0.987,0.87,0.917,0.516,0.555,0.661,0.834,1.01,1.12,0.947,0.933,0.5,0.524,0.542,0.555,0.568,0.592,0.606,0.899
National,Energy,Use by carrier,Energy - Jet Fuel,quads,2.73,3.21,3.48,3.53,3.57,3.81,4,4.48,2.65,3.07,3.26,3.23,3.19,3.19,3.14,3.01,2.73,3.21,3.48,3.53,3.57,3.81,4,4.48,2.73,3.21,3.48,3.53,3.57,3.81,4,4.48,2.73,3.21,3.48,3.53,3.57,3.81,4,4.48
National,Energy,Use by carrier,Energy - Lpg Fuel And Feedstocks,quads,4.07,4.39,4.59,4.67,4.74,4.94,5.03,5.23,4.06,4.36,4.52,4.53,4.54,4.52,4.4,4.35,4.06,4.38,4.56,4.61,4.66,4.78,4.82,4.99,4.06,4.38,4.56,4.61,4.66,4.8,4.84,5.02,4.07,4.38,4.58,4.65,4.72,4.92,5,5.22
National,Energy,Use by carrier,Energy - Other Petroleum,quads,1.32,1.24,1.21,1.23,1.26,1.33,1.4,1.61,1.32,1.23,1.19,1.2,1.22,1.24,1.25,1.39,1.32,1.24,1.21,1.23,1.26,1.32,1.4,1.6,1.32,1.24,1.21,1.23,1.26,1.32,1.4,1.6,1.32,1.24,1.21,1.23,1.26,1.33,1.4,1.61
National,Energy,Use by carrier,Energy - Pipeline Natural Gas,quads,12.2,12.8,13.1,13.1,13.3,13.3,14,14.5,12,12.3,12,11.1,10.4,7.27,4.39,2,12.1,12.5,12.4,11.9,11.6,10.1,9.33,8.98,12.1,12.5,12.4,11.9,11.6,10.2,9.64,9.4,12.1,12.6,12.8,12.6,12.7,12.5,13,13.4
National,Energy,Use by carrier,Energy - Steam,quads,3.68,3.79,3.87,3.92,3.97,4.1,4.18,4.48,3.66,3.74,3.8,3.86,3.91,4.05,4.18,4.45,3.68,3.79,3.86,3.92,3.97,4.1,4.18,4.48,3.7,3.81,3.95,4.1,4.25,4.38,4.46,4.76,3.68,3.78,3.86,3.92,3.97,4.09,4.18,4.48
National,Energy,Use by sector,Energy - Total,quads,62,64,64.9,64.9,65,65.2,66.5,71.4,61.7,63.1,63,61.3,59.8,53.7,49.4,48.1,61.9,63.6,63.7,62.2,60.8,58.4,58.5,63.2,61.9,63.6,63.8,62.4,61.2,59,59.2,63.9,62,63.8,64.6,64.2,64,63.4,64.1,67.8
National,Energy,Use by sector,Energy - Commercial,quads,8.55,8.89,9.07,9.14,9.23,9.32,9.48,10.3,8.5,8.77,8.83,8.74,8.64,8.1,7.69,8.04,8.54,8.87,8.99,8.97,8.96,8.68,8.52,9.19,8.54,8.87,8.99,8.97,8.96,8.7,8.56,9.24,8.54,8.88,9.05,9.12,9.19,9.27,9.42,10.3
National,Energy,Use by sector,Energy - Industrial,quads,18.2,18.8,19.2,19.5,19.7,20.4,20.9,22.8,18.1,18.5,18.7,18.8,18.8,18.9,18.7,19.5,18.2,18.8,19.1,19.4,19.7,20.4,20.9,22.8,18.2,18.8,19.2,19.6,20,20.7,21.2,23.1,18.2,18.8,19.1,19.4,19.7,20.4,20.9,22.8
National,Energy,Use by sector,Energy - Residential,quads,11.4,11.7,11.9,12,12.2,12.2,12.9,13.7,11.4,11.6,11.6,11.2,11,9.46,8.58,7.88,11.3,11.5,11.5,11.2,11,10,9.68,9.74,11.3,11.5,11.5,11.2,11.1,10.2,9.97,10.1,11.3,11.6,11.7,11.7,11.9,11.7,12.1,12.8
National,Energy,Use by sector,Energy - Transportation,quads,23.8,24.6,24.7,24.3,23.8,23.2,23.2,24.6,23.7,24.3,23.9,22.6,21.3,17.3,14.4,12.7,23.8,24.5,24.1,22.6,21.1,19.3,19.4,21.5,23.8,24.5,24.1,22.6,21.2,19.4,19.5,21.5,23.9,24.6,24.7,24,23.3,22.1,21.6,21.9
National,Energy,Biomass - Corn Ethanol Production,Production,billion BTUs,2018920,2016989,2014005,2016117,2020573,1970999,1934582,1991009,2023130,2020166,2015994,2013686,2015297,1870510,817118,16315,2013465,2014948,2017442,2016994,2018491,2031588,2033704,2045205,2013465,2014948,2013121,2024572,2034899,2069002,2078314,2077690,2024003,2024458,2025309,2013137,2015599,2013861,2014839,2012163
National,Energy,Biomass - Nonwoody Production,Production,billion BTUs,30829,27424,916,1057,1762,2244,2168,2288,25414,26210,10947,2695,1701,22192,95669,3483784,25423,30503,663,1033,908,22560,27784,41829,25423,30503,4850,1339,450,44776,42791,48677,32206,32809,6781,3070,942,2078,2533,5387
National,Energy,Biomass - Other Production,Production,billion BTUs,488825,477965,439647,432070,431361,425003,414388,396207,498107,484155,453657,451912,464262,489436,596384,762225,491431,475224,476338,474442,466356,500628,498651,503010,491431,475224,441895,435047,412116,456550,455165,451584,492452,481439,448373,446477,448135,448451,446669,444702
National,Energy,Biomass - Woody Production,Production,billion BTUs,846539,839215,101042,93456,89813,78235,70376,58253,860682,848445,234159,243143,237975,374596,1149290,3696250,858652,851901,114155,113134,110626,163460,159667,212457,858652,851901,105685,98319,94742,213880,220400,214199,851209,843235,107782,103497,104318,97622,98453,98209
National,Energy,Natural Gas Production,Production,billion scf,29878,31777,34746,34317,33861,33814,35195,38495,29760,31623,34389,34892,33042,31040,28378,19435,29758,31360,32927,31680,29697,28598,28690,30446,29758,31360,33013,31626,30602,28897,29000,31110,29738,31552,34064,33852,33557,33835,35513,39405
National,Energy,Oil Production,Production,million barrels,5136,5198,5223,5176,5216,5209,5074,4365,5136,5198,5223,5176,5216,4657,3553,1991,5136,5198,5223,5176,5216,5209,5074,4365,5136,5198,5223,5176,5216,5196,5074,4365,5136,5198,5223,5176,5216,5209,5074,4365
National,Energy,Coal Production,Production,million short tons,774,560,549,563,534,491,478,450,783,563,340,203,145,136,126,113,778,567,453,326,267,276,274,297,778,567,484,377,338,401,397,323,775,557,567,589,561,530,524,478
National,Hydrogen,Demand by sink,Demand - Total,quads,0.499,0.522,0.538,0.548,0.566,0.598,0.622,0.657,0.502,0.528,0.598,0.709,0.823,1.69,2.93,7.78,0.516,0.555,0.614,0.734,0.854,1.4,1.38,1.78,0.516,0.555,0.662,0.838,1.02,3.16,3.11,3.81,0.5,0.524,0.55,0.564,0.601,0.642,0.686,1.06
National,Hydrogen,Demand by sink,Demand - Fischer-Tropsch Liquids,quads,0,0,0,0,0,0,0,0,0,0,0.002,0.003,0.002,0.005,0.086,3.13,0,0,0.002,0.002,0.001,0.405,0.494,0.834,0,0,0.001,0.004,0.009,2,2.15,2.84,0,0,0.007,0.009,0.026,0.04,0.066,0.142
National,Hydrogen,Demand by sink,Demand - H2 End Use Demand,quads,0.499,0.522,0.538,0.548,0.557,0.58,0.592,0.614,0.502,0.528,0.595,0.704,0.813,1.63,2.53,3.91,0.516,0.555,0.613,0.732,0.852,0.987,0.87,0.917,0.516,0.555,0.661,0.834,1.01,1.12,0.947,0.933,0.5,0.524,0.542,0.555,0.568,0.592,0.606,0.899
National,Hydrogen,Demand by sink,Demand - Haber-Bosch,quads,0,0,0,0,0,0,0,0,0,0,0.001,0.003,0.004,0.047,0.303,0.59,0,0,0,0,0,0,0,0,0,0,0,0,0,0,0,0,0,0,0,0,0,0,0,0
National,Hydrogen,Demand by sink,Demand - Natural Gas Generators,quads,0,0,0,0,0.008,0.018,0.03,0.043,0,0,0,0,0.004,0.008,0.013,0.155,0,0,0,0,0.001,0.011,0.014,0.025,0,0,0,0,0.001,0.044,0.019,0.033,0,0,0,0,0.007,0.01,0.015,0.019
National,Hydrogen,Supply by source,Supply - Total,quads,0.499,0.522,0.541,0.552,0.572,0.608,0.632,0.673,0.502,0.528,0.6,0.711,0.824,1.69,2.94,7.83,0.516,0.555,0.618,0.736,0.855,1.41,1.38,1.78,0.516,0.555,0.664,0.84,1.02,3.17,3.12,3.82,0.5,0.524,0.559,0.57,0.607,0.653,0.696,1.07
National,Hydrogen,Supply by source,Supply - Autothermal Reforming w/CC,quads,0,0,0,0,0,0,0,0,0,0,0,0,0,0.355,0.44,0.198,0,0,0.085,0.085,0.085,0.093,0.086,0.086,0,0,0.086,0.086,0.086,0.086,0.085,0.086,0,0,0.085,0.086,0.086,0.088,0.096,0.109
National,Hydrogen,Supply by source,Supply - Bio-Natural Gasification H2 w/CC,quads,0,0,0,0,0,0,0,0,0,0,0,0,0,0.116,0.658,2.83,0,0,0,0,0,0.068,0.068,0.11,0,0,0,0,0,0.131,0.133,0.135,0,0,0,0,0,0,0.001,0.005
National,Hydrogen,Supply by source,Supply - Electrolysis H2,quads,0,0.001,0.005,0.009,0.023,0.043,0.062,0.095,0,0.001,0.007,0.015,0.023,0.101,0.526,4.32,0,0.001,0.026,0.023,0.025,0.628,0.663,1.01,0,0.001,0.027,0.018,0.018,2.38,2.4,3.09,0,0.002,0.033,0.039,0.051,0.078,0.109,0.221
National,Hydrogen,Supply by source,Supply - Steam Reforming,quads,0.499,0.521,0.535,0.543,0.549,0.564,0.569,0.576,0.502,0.526,0.592,0.695,0.495,0.458,0.627,0.07,0.516,0.554,0.497,0.618,0.734,0.611,0.556,0.57,0.516,0.554,0.541,0.726,0.902,0.564,0.495,0.498,0.5,0.522,0.43,0.442,0.466,0.483,0.486,0.723
National,Hydrogen,Supply by source,Supply - Steam Reforming w/CC,quads,0,0,0,0,0.001,0.001,0.001,0.001,0,0,0,0.001,0.306,0.66,0.689,0.409,0,0,0.01,0.01,0.01,0.011,0.01,0.01,0,0,0.01,0.01,0.01,0.01,0.009,0.01,0,0,0.01,0.004,0.004,0.004,0.004,0.011
National,Transportation,Final energy use -  Heavy Duty Trucks,Energy - Total,quads,3.63,3.59,3.54,3.45,3.34,3.13,3.04,3.12,3.63,3.59,3.52,3.36,3.12,2.49,2.06,1.89,3.64,3.6,3.51,3.28,2.99,2.39,2.05,1.93,3.64,3.6,3.47,3.2,2.9,2.32,2.02,1.93,3.64,3.6,3.51,3.31,3.07,2.49,2.13,1.95
National,Transportation,Final energy use -  Heavy Duty Trucks,Energy - Diesel Fuel,quads,3.6,3.57,3.52,3.43,3.33,3.12,3.02,3.11,3.6,3.55,3.44,3.17,2.73,1.46,0.529,0.013,3.6,3.56,3.41,2.99,2.42,1.28,0.705,0.361,3.6,3.55,3.32,2.77,2.18,1.09,0.619,0.371,3.6,3.56,3.43,3.07,2.62,1.57,0.906,0.412
National,Transportation,Final energy use -  Heavy Duty Trucks,Energy - Electricity,quads,0.001,0.001,0.002,0.002,0.003,0.003,0.004,0.006,0.002,0.011,0.04,0.114,0.234,0.573,0.812,0.955,0,0.006,0.052,0.213,0.433,0.934,1.24,1.33,0,0.006,0.06,0.235,0.456,0.948,1.24,1.32,0,0.005,0.048,0.203,0.409,0.892,1.2,1.31
National,Transportation,Final energy use -  Heavy Duty Trucks,Energy - Gasoline Fuel,quads,0.023,0.018,0.014,0.012,0.01,0.007,0.006,0.006,0.031,0.03,0.03,0.028,0.025,0.016,0.008,0.001,0.031,0.03,0.029,0.026,0.023,0.015,0.01,0.005,0.031,0.03,0.029,0.025,0.021,0.013,0.009,0.005,0.031,0.03,0.03,0.027,0.025,0.018,0.012,0.006
National,Transportation,Final energy use -  Heavy Duty Trucks,Energy - Hydrogen,quads,0,0.001,0.001,0.001,0.001,0.002,0.002,0.003,0,0.002,0.011,0.047,0.131,0.446,0.713,0.924,0,0.001,0.013,0.056,0.114,0.159,0.102,0.232,0,0.006,0.064,0.171,0.243,0.262,0.154,0.23,0,0.001,0.007,0.011,0.012,0.011,0.011,0.213
National,Transportation,Final energy use -  Light Duty Autos,Energy - Total,quads,4.64,4.48,4.22,3.95,3.7,3.24,3.1,3.1,4.63,4.42,4.03,3.55,3.06,1.98,1.36,0.997,4.66,4.5,4.08,3.52,2.98,2.01,1.88,2.35,4.67,4.51,4.1,3.54,2.99,2.08,1.94,2.36,4.67,4.52,4.26,3.97,3.68,3.04,2.72,2.56
National,Transportation,Final energy use -  Light Duty Autos,Energy - Diesel Fuel,quads,0.016,0.014,0.011,0.009,0.007,0.003,0.001,0.001,0.024,0.023,0.021,0.018,0.014,0.007,0.003,0,0.024,0.024,0.021,0.017,0.014,0.007,0.007,0.011,0.024,0.024,0.021,0.018,0.014,0.008,0.007,0.011,0.024,0.024,0.023,0.021,0.02,0.016,0.014,0.012
National,Transportation,Final energy use -  Light Duty Autos,Energy - Electricity,quads,0.022,0.025,0.029,0.033,0.037,0.052,0.072,0.122,0.028,0.063,0.138,0.247,0.369,0.635,0.814,0.921,0.012,0.02,0.11,0.265,0.416,0.652,0.639,0.442,0.01,0.014,0.1,0.254,0.406,0.618,0.614,0.436,0.01,0.009,0.01,0.023,0.051,0.148,0.243,0.351
National,Transportation,Final energy use -  Light Duty Autos,Energy - Gasoline Fuel,quads,4.6,4.44,4.18,3.91,3.66,3.19,3.03,2.97,4.58,4.33,3.87,3.28,2.66,1.31,0.497,0.023,4.63,4.46,3.95,3.24,2.55,1.35,1.24,1.9,4.63,4.47,3.98,3.27,2.57,1.45,1.32,1.91,4.63,4.49,4.23,3.93,3.61,2.88,2.47,2.19
National,Transportation,Final energy use -  Light Duty Autos,Energy - Hydrogen,quads,0,0,0,0,0,0,0,0,0,0,0.001,0.003,0.009,0.029,0.045,0.054,0,0,0,0,0,0,0,0,0,0,0,0,0,0,0,0,0,0,0,0,0,0,0,0
National,Transportation,Final energy use -  Light Duty Trucks,Energy - Total,quads,10.1,10.2,10.2,9.98,9.84,9.6,9.51,9.83,10.1,10.2,10,9.56,8.83,6.69,5.04,3.89,10.1,10.3,9.9,9.05,8.38,7.83,8.12,8.93,10.1,10.3,9.96,9.11,8.49,7.98,8.22,8.93,10.1,10.3,10.2,9.81,9.61,9.33,9.19,9.08
National,Transportation,Final energy use -  Light Duty Trucks,Energy - Diesel Fuel,quads,0.066,0.078,0.086,0.093,0.099,0.114,0.126,0.144,0.046,0.046,0.045,0.041,0.036,0.02,0.009,0,0.046,0.047,0.044,0.038,0.033,0.028,0.029,0.034,0.046,0.047,0.044,0.038,0.034,0.029,0.03,0.034,0.046,0.047,0.046,0.043,0.042,0.039,0.037,0.035
National,Transportation,Final energy use -  Light Duty Trucks,Energy - Electricity,quads,0.01,0.015,0.023,0.034,0.045,0.081,0.127,0.226,0.007,0.03,0.116,0.345,0.737,1.88,2.75,3.44,0.002,0.003,0.227,0.725,1.07,1.29,1.1,0.84,0.001,0.001,0.186,0.672,0.991,1.18,1.03,0.832,0.002,0.002,0.039,0.175,0.248,0.333,0.426,0.719
National,Transportation,Final energy use -  Light Duty Trucks,Energy - Gasoline Fuel,quads,10,10.1,10,9.85,9.7,9.4,9.26,9.46,10.1,10.1,9.88,9.15,8,4.61,2,0.111,10.1,10.2,9.63,8.27,7.22,6.42,6.93,8.01,10.1,10.2,9.72,8.38,7.41,6.67,7.09,8.01,10.1,10.2,10.1,9.59,9.32,8.96,8.72,8.26
National,Transportation,Final energy use -  Light Duty Trucks,Energy - Hydrogen,quads,0,0,0,0,0,0,0,0,0,0.001,0.004,0.019,0.055,0.184,0.282,0.34,0,0,0.001,0.011,0.049,0.086,0.064,0.048,0,0,0.002,0.017,0.056,0.092,0.069,0.055,0,0,0,0.001,0.001,0.002,0.005,0.064
National,Transportation,Final energy use -  Medium Duty Trucks,Energy - Total,quads,1.52,1.51,1.49,1.49,1.51,1.57,1.67,2.01,1.52,1.51,1.48,1.45,1.41,1.28,1.19,1.25,1.52,1.51,1.47,1.39,1.33,1.3,1.43,1.83,1.52,1.51,1.47,1.39,1.33,1.3,1.43,1.85,1.52,1.51,1.5,1.49,1.51,1.57,1.65,1.92
National,Transportation,Final energy use -  Medium Duty Trucks,Energy - Diesel Fuel,quads,0.918,0.921,0.914,0.911,0.92,0.946,0.981,1.13,0.905,0.894,0.864,0.805,0.715,0.436,0.201,0.004,0.906,0.896,0.836,0.705,0.574,0.462,0.582,0.947,0.906,0.897,0.837,0.706,0.575,0.458,0.577,0.97,0.906,0.902,0.892,0.889,0.9,0.934,0.981,1.09
National,Transportation,Final energy use -  Medium Duty Trucks,Energy - Electricity,quads,0.001,0.001,0.001,0.001,0.002,0.002,0.003,0.005,0.002,0.008,0.029,0.084,0.178,0.448,0.679,0.967,0,0.003,0.031,0.127,0.237,0.37,0.345,0.244,0,0.003,0.031,0.114,0.218,0.355,0.331,0.212,0,0,0.001,0.002,0.004,0.011,0.025,0.115
National,Transportation,Final energy use -  Medium Duty Trucks,Energy - Gasoline Fuel,quads,0.599,0.586,0.576,0.574,0.583,0.619,0.682,0.872,0.615,0.607,0.586,0.545,0.483,0.293,0.134,0.003,0.616,0.608,0.567,0.477,0.388,0.308,0.383,0.612,0.616,0.608,0.567,0.477,0.388,0.305,0.38,0.627,0.616,0.612,0.605,0.602,0.607,0.622,0.646,0.703
National,Transportation,Final energy use -  Medium Duty Trucks,Energy - Hydrogen,quads,0,0,0.001,0.001,0.001,0.001,0.001,0.003,0,0,0.003,0.011,0.031,0.106,0.177,0.277,0,0.003,0.034,0.083,0.133,0.163,0.117,0.029,0,0.003,0.034,0.096,0.152,0.184,0.137,0.04,0,0,0,0,0,0.001,0.002,0.014
National,Transportation,Equipment sales -  Heavy Duty Trucks,Share - Diesel,share,0.998,0.998,0.997,0.996,0.995,0.993,0.993,0.991,0.981,0.947,0.831,0.549,0.221,0.007,0,0,0.99,0.956,0.763,0.218,0,0.662,0.663,0.081,0.99,0.951,0.595,0,0,0.658,0.662,0.106,0.99,0.984,0.919,0.768,0.695,0.678,0.662,0.157
National,Transportation,Equipment sales -  Heavy Duty Trucks,Share - EV,share,0.002,0.002,0.002,0.002,0.002,0.003,0.003,0.005,0.01,0.039,0.138,0.357,0.574,0.705,0.71,0.71,0,0.02,0.089,0.253,0.326,0.33,0.331,0.304,0,0.02,0.199,0.412,0.331,0.33,0.33,0.304,0,0.006,0.064,0.222,0.295,0.313,0.327,0.303
National,Transportation,Equipment sales -  Heavy Duty Trucks,Share - Hydrogen FC,share,0.001,0.001,0.001,0.001,0.001,0.001,0.002,0.002,0,0.004,0.022,0.088,0.203,0.288,0.29,0.29,0,0.014,0.141,0.526,0.674,0.001,0,0.614,0,0.02,0.2,0.588,0.668,0.006,0.002,0.589,0,0.001,0.008,0.003,0.003,0.003,0.004,0.539
National,Transportation,Equipment sales -  Heavy Duty Trucks,Share - Natural Gasoline,share,0,0,0,0.001,0.002,0.003,0.002,0.002,0.009,0.009,0.008,0.005,0.002,0,0,0,0.01,0.009,0.007,0.002,0,0.006,0.006,0.001,0.01,0.009,0.006,0,0,0.006,0.006,0.001,0.01,0.009,0.009,0.007,0.007,0.007,0.006,0.002
National,Transportation,Equipment sales -  Light Duty Autos,Share - Diesel,share,0,0,0,0,0,0,0,0,0.005,0.004,0.003,0.002,0.001,0,0,0,0.006,0.006,0.002,0,0,0.002,0.004,0.003,0.006,0.006,0.002,0,0,0.002,0.004,0.003,0.006,0.006,0.006,0.005,0.005,0.004,0.004,0.003
National,Transportation,Equipment sales -  Light Duty Autos,Share - EV,share,0.019,0.019,0.02,0.025,0.032,0.057,0.084,0.137,0.093,0.235,0.475,0.715,0.857,0.944,0.95,0.95,0.01,0.053,0.625,1,1,0.628,0.34,0.441,0.001,0.029,0.6,1,1,0.63,0.34,0.44,0,0,0.013,0.103,0.205,0.341,0.34,0.407
National,Transportation,Equipment sales -  Light Duty Autos,Share - Hybrid,share,0.043,0.042,0.043,0.048,0.053,0.07,0.079,0.098,0.028,0.024,0.016,0.008,0.003,0,0,0,0.031,0.029,0.012,0,0,0.012,0.021,0.018,0.031,0.03,0.012,0,0,0.012,0.021,0.018,0.031,0.031,0.031,0.028,0.025,0.021,0.021,0.019
National,Transportation,Equipment sales -  Light Duty Autos,Share - Hydrogen FC,share,0,0,0,0,0,0,0,0,0,0.001,0.004,0.015,0.035,0.05,0.05,0.05,0,0,0,0,0,0,0,0,0,0,0,0,0,0,0,0,0,0,0,0,0,0,0,0
National,Transportation,Equipment sales -  Light Duty Autos,Share - Natural Gasoline,share,0.938,0.939,0.936,0.927,0.914,0.873,0.836,0.764,0.874,0.736,0.502,0.26,0.104,0.006,0,0,0.953,0.912,0.361,0,0,0.358,0.635,0.538,0.962,0.935,0.385,0,0,0.356,0.635,0.539,0.963,0.963,0.951,0.864,0.765,0.634,0.635,0.571
National,Transportation,Equipment sales -  Light Duty Trucks,Share - Diesel,share,0.013,0.012,0.011,0.011,0.012,0.013,0.014,0.013,0.004,0.004,0.003,0.002,0.001,0,0,0,0.004,0.004,0.002,0,0.002,0.004,0.003,0.003,0.004,0.004,0.003,0,0.002,0.004,0.003,0.003,0.004,0.004,0.004,0.003,0.004,0.004,0.003,0.003
National,Transportation,Equipment sales -  Light Duty Trucks,Share - EV,share,0.005,0.007,0.008,0.01,0.013,0.024,0.037,0.058,0.012,0.049,0.174,0.45,0.726,0.894,0.9,0.9,0,0.001,0.46,0.923,0.522,0.12,0.167,0.261,0,0,0.38,0.92,0.45,0.12,0.17,0.26,0,0,0.075,0.267,0.085,0.09,0.159,0.251
National,Transportation,Equipment sales -  Light Duty Trucks,Share - Hybrid,share,0.033,0.033,0.047,0.053,0.056,0.067,0.077,0.095,0.03,0.023,0.014,0.006,0.001,0,0,0,0.031,0.024,0.01,0.001,0.002,0.004,0.004,0.004,0.031,0.024,0.011,0.001,0.002,0.004,0.004,0.003,0.031,0.025,0.017,0.008,0.005,0.005,0.004,0.004
National,Transportation,Equipment sales -  Light Duty Trucks,Share - Hydrogen FC,share,0,0,0,0,0,0,0,0,0,0.002,0.008,0.03,0.07,0.099,0.1,0.1,0,0,0.002,0.021,0.076,0,0,0.028,0,0,0.003,0.03,0.077,0,0.001,0.032,0,0,0,0.001,0.001,0.001,0.005,0.042
National,Transportation,Equipment sales -  Light Duty Trucks,Share - Natural Gasoline,share,0.948,0.949,0.934,0.926,0.919,0.896,0.872,0.834,0.954,0.923,0.801,0.512,0.202,0.007,0,0,0.965,0.97,0.526,0.055,0.398,0.872,0.825,0.704,0.965,0.972,0.604,0.049,0.469,0.872,0.822,0.702,0.965,0.971,0.905,0.72,0.906,0.901,0.828,0.7
National,Transportation,Equipment sales -  Medium Duty Trucks,Share - Diesel,share,0.672,0.658,0.646,0.637,0.629,0.604,0.596,0.56,0.627,0.604,0.526,0.341,0.136,0.004,0,0,0.633,0.607,0.379,0,0,0.445,0.561,0.465,0.634,0.608,0.38,0,0,0.43,0.569,0.486,0.634,0.633,0.629,0.629,0.623,0.618,0.599,0.52
National,Transportation,Equipment sales -  Medium Duty Trucks,Share - EV,share,0.003,0.003,0.003,0.004,0.004,0.005,0.007,0.009,0.011,0.043,0.155,0.4,0.645,0.795,0.8,0.8,0,0.021,0.201,0.688,0.691,0.282,0.112,0.238,0,0.02,0.2,0.59,0.68,0.29,0.09,0.2,0,0,0.006,0.006,0.014,0.023,0.05,0.158
National,Transportation,Equipment sales -  Medium Duty Trucks,Share - Hydrogen FC,share,0.001,0.001,0.001,0.001,0.001,0.001,0.001,0.002,0,0.003,0.015,0.061,0.139,0.199,0.2,0.2,0,0.02,0.2,0.312,0.309,0.014,0.001,0.026,0,0.02,0.2,0.41,0.32,0.03,0.01,0.03,0,0,0,0.001,0.001,0.001,0.003,0.019
National,Transportation,Equipment sales -  Medium Duty Trucks,Share - Natural Gasoline,share,0.325,0.338,0.35,0.358,0.366,0.39,0.396,0.43,0.362,0.35,0.304,0.198,0.079,0.002,0,0,0.366,0.352,0.22,0,0,0.259,0.326,0.271,0.366,0.352,0.22,0,0,0.25,0.331,0.284,0.366,0.367,0.364,0.365,0.362,0.359,0.348,0.303
National,Transportation,Equipment stocks -  Heavy Duty Trucks,Stocks - Diesel,million vehicles,5.05,5.23,5.41,5.57,5.68,5.9,6.05,6.2,5.04,5.19,5.27,5.14,4.72,3.17,1.65,0.124,5.04,5.2,5.24,4.88,4.28,3.43,3.32,2.68,5.04,5.2,5.13,4.61,3.96,3.14,3.11,2.71,5.04,5.22,5.35,5.36,5.26,4.92,4.57,3.13
National,Transportation,Equipment stocks -  Heavy Duty Trucks,Stocks - EV,million vehicles,0.002,0.003,0.004,0.006,0.007,0.01,0.014,0.021,0.006,0.03,0.118,0.356,0.762,2.05,3.25,4.47,0,0.013,0.072,0.243,0.481,1.1,1.62,2.03,0,0.013,0.141,0.431,0.703,1.3,1.77,2.04,0,0.004,0.045,0.191,0.405,0.979,1.51,1.99
National,Transportation,Equipment stocks -  Heavy Duty Trucks,Stocks - Hydrogen,million vehicles,0.001,0.001,0.002,0.003,0.003,0.005,0.007,0.01,0,0.003,0.016,0.07,0.205,0.731,1.25,1.81,0,0.009,0.1,0.446,0.94,1.42,1.18,1.64,0,0.013,0.142,0.538,1.04,1.51,1.25,1.6,0,0.001,0.006,0.01,0.012,0.016,0.02,1.23
National,Transportation,Equipment stocks -  Heavy Duty Trucks,Stocks - Natural Gasoline,million vehicles,0.037,0.029,0.023,0.02,0.017,0.014,0.013,0.013,0.049,0.05,0.051,0.05,0.046,0.031,0.016,0.001,0.049,0.05,0.051,0.047,0.041,0.033,0.032,0.026,0.049,0.05,0.049,0.044,0.038,0.03,0.03,0.026,0.049,0.05,0.052,0.052,0.051,0.048,0.044,0.03
National,Transportation,Equipment stocks -  Heavy Duty Trucks,Stocks - Other,million vehicles,0.055,0.061,0.066,0.07,0.074,0.084,0.1,0.165,0.049,0.051,0.051,0.05,0.046,0.031,0.016,0.001,0.049,0.051,0.051,0.048,0.042,0.033,0.032,0.026,0.049,0.051,0.05,0.045,0.039,0.031,0.03,0.027,0.049,0.051,0.052,0.052,0.051,0.048,0.045,0.031
National,Transportation,Equipment stocks -  Light Duty Autos,Stocks - Diesel,million vehicles,0.481,0.415,0.353,0.289,0.224,0.101,0.043,0.014,0.726,0.693,0.643,0.572,0.488,0.281,0.127,0.008,0.733,0.713,0.657,0.565,0.468,0.285,0.249,0.355,0.734,0.715,0.662,0.57,0.474,0.304,0.265,0.36,0.734,0.717,0.703,0.682,0.653,0.574,0.51,0.433
National,Transportation,Equipment stocks -  Light Duty Autos,Stocks - EV,million vehicles,0.995,1.22,1.45,1.7,2.02,3.23,5.21,10.7,1.81,4.59,10.7,20.2,31.7,61.7,86.7,107,0.649,1.22,8.44,21.6,35.7,63.4,69.8,53.5,0.481,0.75,7.6,20.7,34.8,60.1,67,52.7,0.464,0.415,0.502,1.61,4.11,14,25.1,40.2
National,Transportation,Equipment stocks -  Light Duty Autos,Stocks - Hybrid,million vehicles,4.45,4.55,4.67,4.8,4.97,5.72,6.88,9.38,3.92,3.78,3.55,3.19,2.74,1.59,0.698,0.041,3.95,3.89,3.62,3.15,2.64,1.61,1.36,1.94,3.96,3.9,3.65,3.18,2.66,1.71,1.45,1.96,3.96,3.91,3.87,3.77,3.62,3.15,2.76,2.35
National,Transportation,Equipment stocks -  Light Duty Autos,Stocks - Hydrogen,million vehicles,0.008,0.008,0.009,0.009,0.01,0.011,0.013,0.02,0.005,0.012,0.054,0.221,0.647,2.29,3.9,5.58,0.006,0.006,0.006,0.005,0.005,0.003,0.002,0.003,0.006,0.006,0.006,0.006,0.005,0.003,0.002,0.003,0.006,0.006,0.006,0.006,0.006,0.005,0.004,0.004
National,Transportation,Equipment stocks -  Light Duty Autos,Stocks - Natural Gasoline,million vehicles,121,118,116,113,111,104,100,94.1,121,116,108,96.1,82.2,47.4,21.1,1.27,122,119,110,94.9,79,48,41.2,58.5,122,119,111,95.8,79.8,51.2,43.9,59.3,122,120,118,114,109,95.5,84.2,71.3
National,Transportation,Equipment stocks -  Light Duty Autos,Stocks - Other,million vehicles,0.058,0.055,0.054,0.051,0.05,0.048,0.048,0.049,0.028,0.026,0.025,0.022,0.019,0.011,0.005,0,0.028,0.027,0.025,0.022,0.018,0.011,0.009,0.013,0.028,0.027,0.025,0.022,0.018,0.011,0.01,0.013,0.028,0.027,0.027,0.026,0.025,0.021,0.019,0.016
National,Transportation,Equipment stocks -  Light Duty Trucks,Stocks - Diesel,million vehicles,0.716,0.901,1.08,1.23,1.39,1.72,1.94,2.15,0.545,0.564,0.576,0.562,0.517,0.342,0.171,0.012,0.545,0.568,0.562,0.513,0.471,0.434,0.444,0.496,0.546,0.568,0.567,0.519,0.482,0.449,0.456,0.497,0.545,0.568,0.586,0.587,0.591,0.592,0.573,0.522
National,Transportation,Equipment stocks -  Light Duty Trucks,Stocks - EV,million vehicles,0.191,0.309,0.453,0.626,0.849,1.71,3.04,6.42,0.185,0.903,3.63,11.2,24.6,67.1,105,141,0.017,0.03,7.07,23.5,36,47.9,46,35,0.017,0.017,5.82,21.8,33.2,43.9,42.8,34.5,0.018,0.018,1.16,5.61,8.25,12.2,16.7,28.2
National,Transportation,Equipment stocks -  Light Duty Trucks,Stocks - Hybrid,million vehicles,1.6,2.16,2.91,3.85,4.8,7.17,9.29,12.7,1.5,1.91,2.16,2.2,2.08,1.49,0.739,0.036,1.56,1.99,2.16,2.1,1.97,1.54,1.02,0.631,1.5,1.93,2.13,2.07,1.95,1.53,1,0.583,1.56,1.99,2.28,2.37,2.32,1.91,1.31,0.675
National,Transportation,Equipment stocks -  Light Duty Trucks,Stocks - Hydrogen,million vehicles,0,0,0,0,0,0.001,0.002,0.004,0.004,0.025,0.137,0.606,1.82,6.53,11,15.5,0.004,0.003,0.034,0.364,1.63,3.11,2.68,2.23,0.004,0.006,0.053,0.53,1.85,3.34,2.88,2.52,0.004,0.006,0.009,0.022,0.035,0.062,0.207,2.69
National,Transportation,Equipment stocks -  Light Duty Trucks,Stocks - Natural Gasoline,million vehicles,128,131,134,137,139,143,142,138,128,131,132,128,117,77.9,39.9,2.96,128,131,129,116,106,100,106,121,128,131,130,118,109,104,109,121,128,131,134,134,135,139,138,127
National,Transportation,Equipment stocks -  Light Duty Trucks,Stocks - Other,million vehicles,0.113,0.108,0.103,0.099,0.095,0.09,0.09,0.095,0.04,0.041,0.041,0.04,0.036,0.024,0.012,0.001,0.04,0.041,0.04,0.036,0.033,0.031,0.033,0.037,0.04,0.041,0.041,0.037,0.034,0.032,0.034,0.037,0.04,0.041,0.042,0.042,0.042,0.043,0.042,0.039
National,Transportation,Equipment stocks -  Medium Duty Trucks,Stocks - Diesel,million vehicles,5.08,5.42,5.79,6.13,6.46,7.19,7.78,8.92,5.02,5.3,5.54,5.56,5.29,4.1,2.65,0.093,5.03,5.31,5.39,5.01,4.5,4.09,4.47,7.11,5.03,5.31,5.39,5.01,4.5,4.07,4.44,7.23,5.03,5.34,5.68,6.01,6.33,7.08,7.74,8.74
National,Transportation,Equipment stocks -  Medium Duty Trucks,Stocks - EV,million vehicles,0.005,0.009,0.013,0.018,0.023,0.037,0.054,0.099,0.01,0.052,0.213,0.657,1.44,3.95,6.74,12,0.001,0.021,0.232,0.99,1.9,3.37,3.96,3.41,0,0.02,0.229,0.888,1.76,3.22,3.78,3.08,0,0,0.007,0.015,0.03,0.093,0.23,1.19
National,Transportation,Equipment stocks -  Medium Duty Trucks,Stocks - Hydrogen,million vehicles,0.001,0.002,0.003,0.004,0.005,0.008,0.012,0.023,0,0.003,0.018,0.08,0.238,0.855,1.56,2.99,0,0.02,0.229,0.609,1.02,1.45,1.45,0.488,0,0.02,0.229,0.707,1.16,1.64,1.68,0.625,0,0,0,0.001,0.002,0.005,0.013,0.121
National,Transportation,Equipment stocks -  Medium Duty Trucks,Stocks - Natural Gasoline,million vehicles,2.85,2.99,3.17,3.35,3.53,4.03,4.6,6.06,2.91,3.07,3.21,3.22,3.06,2.38,1.54,0.054,2.91,3.08,3.12,2.9,2.61,2.37,2.59,4.14,2.91,3.08,3.12,2.9,2.61,2.36,2.58,4.21,2.91,3.09,3.29,3.48,3.67,4.1,4.49,5.08
National,Transportation,Equipment stocks -  Medium Duty Trucks,Stocks - Other,million vehicles,0.008,0.01,0.013,0.015,0.017,0.024,0.031,0.051,0.007,0.008,0.008,0.008,0.008,0.006,0.004,0,0.007,0.008,0.008,0.007,0.006,0.006,0.006,0.01,0.007,0.008,0.008,0.007,0.006,0.006,0.006,0.011,0.007,0.008,0.008,0.009,0.009,0.01,0.011,0.013
National,Electricity,Demand by use,Demand - Total,TWh,3730,3790,3870,3951,4043,4185,4335,5027,3773,3853,4081,4402,4864,6043,7267,10590,3747,3826,4104,4565,5333,6065,6187,6740,3747,3826,4077,4507,5070,6754,6924,7543,3735,3802,3942,4101,4267,4587,4868,5702
National,Electricity,Demand by use,Demand - Buildings,TWh,2778,2799,2851,2898,2960,3036,3132,3610,2806,2833,2914,3010,3122,3352,3557,4004,2788,2817,2888,2964,3055,3194,3342,3813,2788,2817,2888,2963,3052,3188,3331,3800,2785,2812,2870,2920,2987,3062,3155,3613
National,Electricity,Demand by use,Demand - Energy Conversion Load,TWh,0.002,0.683,5.67,7.31,13.5,27.5,40.2,71.5,0.001,0.747,23.8,29.3,170,325,593,2863,0,0.449,53.8,177,604,838,771,849,0,0.449,42.1,145,375,1582,1557,1688,0.001,1.75,24.5,26.7,29.1,40.2,56.2,115
National,Electricity,Demand by use,Demand - Industrial,TWh,936,969,988,1015,1034,1070,1092,1226,934,966,999,1059,1109,1294,1584,1810,934,965,987,1014,1032,1068,1090,1224,934,965,982,1008,1026,1061,1084,1216,935,968,986,1014,1032,1068,1090,1224
National,Electricity,Demand by use,Demand - Other Transportation,TWh,5.91,7.03,7.75,8.13,8.4,9.28,10,11.9,5.99,7.19,8.51,9.99,11.4,20.3,32.3,48.7,5.91,7.07,7.74,8.09,8.4,9.31,10.1,11.9,5.91,7.07,7.74,8.09,8.4,9.31,10.1,11.9,5.91,7.05,7.75,8.1,8.41,9.31,10.1,11.9
National,Electricity,Demand by use,Demand - Vehicles,TWh,10.6,13.8,17.7,22.6,27.3,42.2,61.6,108,26,47,136,294,451,1051,1501,1864,20.1,36.3,167,401,634,955,973,842,20.1,36.3,157,383,608,913,942,828,8.33,12.5,53.7,132,211,408,556,738
National,Electricity,Added HV transmission capacity since 2020,New HV Transmission,GW,0.549,1.13,1.34,1.38,1.44,4.94,5.01,9.88,0.495,0.653,9.5,12.8,18.8,89.7,143,341,0.688,5.86,49.1,64.1,135,144,160,162,1.01,9.38,17.7,21.3,68,79.1,94.4,104,0.529,0.6,0.691,0.691,0.757,9.53,9.56,14.1
National,Electricity,Annual capacity additions,Additions - Total,GW/yr,73.6,73.6,41.5,32.5,55.1,23,19.7,59.9,73.8,73.8,124,110,155,69.3,135,145,73.5,73.5,99.2,144,207,49.4,38.8,36.3,72.8,72.8,101,137,152,176,38.1,40.8,73.5,73.5,48.1,37.7,61.7,27.9,27.2,66.4
National,Electricity,Annual capacity additions,Additions - Natural Gas,GW/yr,7.39,7.39,21.1,1.77,3.49,12,10.7,42.8,8.21,8.21,37.8,25.2,29.2,19.6,32.1,16.6,7.17,7.17,7.82,0.241,0.55,14,36.9,34,6.56,6.56,10.1,0.806,1.7,8.81,35.5,34.7,7.31,7.31,19,3.02,5.4,14.3,13.2,44.2
National,Electricity,Annual capacity additions,Additions - Natural Gas w/CC,GW/yr,0,0,0,0,0,0,0,0,0,0,0,0,0,2.59,15,6.48,0,0,3,6,11.8,0.417,0.351,0.239,0,0,3,0.761,4.97,4.06,0.296,0.208,0,0,0.307,0.375,0.46,0.348,0.445,0.344
National,Electricity,Annual capacity additions,Additions - Nuclear,GW/yr,0,0,0,0,0.144,0.026,0.04,0.062,0,0,0,0,1.9,0.117,0.906,5.66,0,0,0,0.322,0.059,0.006,0.03,0.048,0,0,0,0.303,0.021,0.013,0.022,0.03,0,0,0,0.352,0.061,0.024,0.042,0.074
National,Electricity,Annual capacity additions,Additions - Offshore Wind,GW/yr,0,0,1.23,0.435,5.77,4.95,2.31,0.346,0,0,1.29,0.642,6.19,6.32,5.8,7.59,0,0,1.26,0.063,6.56,11.3,0.327,0.271,0,0,1.16,-0.03,6.22,9.08,0.443,4.99,0,0,1.25,0.437,5.84,4.99,2.35,0.42
National,Electricity,Annual capacity additions,Additions - Onshore Wind,GW/yr,29.5,29.5,2,0.544,0.557,0.61,1.55,3.33,29.5,29.5,38.6,12,15.9,22.4,48.5,42.8,29.5,29.5,38.6,62.2,82.3,2.66,0.655,0.835,29.4,29.4,38.6,60.8,33.9,40.4,1.02,0.531,29.5,29.5,8.22,0.75,0.761,0.742,1.85,3.75
National,Electricity,Annual capacity additions,Additions - Solar,GW/yr,36.7,36.7,17.2,29.8,45.1,5.4,5.06,13.4,36.2,36.2,46.7,72.2,102,18.3,32.4,65.6,36.8,36.8,48.6,74.9,106,21,0.534,0.924,36.8,36.8,48.5,74.7,106,113,0.879,0.349,36.8,36.8,19.3,32.8,49.2,7.47,9.32,17.7
National,Electricity,Generation by type,Generation - Total,TWh,4241,4305,4162,4231,4329,4480,4637,5346,4288,4374,4414,4750,5218,6489,7900,11419,4261,4384,4498,4997,5871,6602,6646,7182,4261,4384,4464,4892,5493,7527,7644,8002,4247,4320,4241,4400,4578,4924,5216,6076
National,Electricity,Generation by type,Generation - Biomass,TWh,165,164,14,11.7,11.9,12.4,12.7,12.9,165,164,41.8,42.1,42.7,42.8,42.7,35.2,164,164,18.4,18.5,17.9,18.5,19.1,20,164,164,13.3,10.4,5.51,4.42,4.84,5.29,165,164,14.2,11.9,12.1,12.4,12.6,12.7
National,Electricity,Generation by type,Generation - Coal And Coke,TWh,1170,776,750,780,728,648,624,559,1188,782,360,103,5.68,5.26,4.98,3.29,1178,765,547,306,197,208,241,272,1178,765,604,400,334,261,287,312,1173,771,782,826,779,721,707,610
National,Electricity,Generation by type,Generation - Coal w/CC,TWh,0,0,0,0,0,0,0,0,0.421,0.481,0.635,0.745,0.677,0.767,0.855,1.11,0,80.5,91.5,95.3,97.2,102,9.99,8.72,0,80.5,93,87.2,78.3,514,429,9.8,0.404,0.499,1.87,2.22,1.35,1.63,1.07,1.46
National,Electricity,Generation by type,Generation - Geothermal,TWh,10.4,10.5,2.06,2.08,2.03,1.32,1.34,1.33,10.4,10.4,10.4,10.4,10.3,10.3,10.4,10.3,10.4,10.3,10.1,9.63,7.65,8.25,9.34,10.1,10.4,10.3,0.547,0.459,0.433,0.389,0.506,0.619,10.4,10.4,1.78,1.79,1.77,1.42,1.43,1.41
National,Electricity,Generation by type,Generation - Hydro,TWh,299,306,289,289,289,285,277,290,298,305,294,295,295,305,295,310,299,306,294,291,272,288,292,309,299,306,277,261,209,214,209,222,298,306,285,285,285,285,276,290
National,Electricity,Generation by type,Generation - Natural Gas,TWh,1124,1190,1200,1039,878,834,905,1231,1153,1252,1354,1462,1276,1323,1044,427,1132,1182,1002,703,397,499,696,1012,1132,1182,992,769,585,449,581,1009,1126,1194,1157,1045,925,946,1085,1460
National,Electricity,Generation by type,Generation - Natural Gas w/CC,TWh,0,0,0,0,0,0,0,0,0,0,0,0,0,82.5,568,773,0,0,71.1,204,457,364,203,66.8,0,0,75.7,56.7,145,493,412,72.1,0,0,4.67,8.83,11.1,19.2,24.2,41
National,Electricity,Generation by type,Generation - Nuclear,TWh,823,807,796,795,780,740,739,667,823,814,806,806,835,852,879,1160,823,813,804,804,789,508,449,358,823,813,804,804,803,313,305,305,823,814,805,805,794,766,767,686
National,Electricity,Generation by type,Generation - Offshore Wind,TWh,0.089,0.099,10.9,17.1,70.6,188,200,235,0.085,0.087,11.2,18.3,74,217,282,627,0.081,0.084,11.1,14,73.6,311,273,308,0.081,0.084,11,14.7,73.1,263,241,477,0.087,0.089,11.1,17.3,71.1,188,200,238
National,Electricity,Generation by type,Generation - Onshore Wind,TWh,386,627,649,675,678,637,687,793,385,625,943,1037,1137,1599,2400,4068,385,626,972,1479,1952,2016,2145,2308,385,626,957,1455,1652,2029,2186,2313,385,627,701,723,726,685,741,860
National,Electricity,Generation by type,Generation - Other Fossil,TWh,12.6,12.5,0.906,0.853,0.843,0.759,0.751,0.676,12.7,12.5,3.13,3.06,3.03,2.9,2.87,2.11,12.8,12.7,1.18,1.08,1.07,1.01,0.999,0.954,12.8,12.7,0.935,0.855,0.84,0.744,0.733,0.708,12.7,12.6,0.99,0.939,0.945,0.853,0.832,0.757
National,Electricity,Generation by type,Generation - Other Re,TWh,9.78,9.77,9.73,9.76,9.78,9.8,9.82,9.81,9.77,9.75,9.7,9.71,9.76,9.71,9.72,9.71,9.78,9.77,9.69,9.69,9.38,9.46,9.6,9.66,9.78,9.77,9.73,9.74,9.73,9.37,9.65,9.75,9.78,9.76,9.71,9.72,9.73,9.72,9.73,9.72
National,Electricity,Generation by type,Generation - Rooftop Solar,TWh,45.2,50.9,58.6,69.7,89,125,146,188,45.2,51.1,58.4,68.9,87.5,121,143,185,47.6,60.6,74.4,87.1,96.2,86.6,160,217,47.6,60.6,74.4,84.7,81.2,57.9,149,217,47.6,61,75.9,94,121,164,187,229
National,Electricity,Generation by type,Generation - Solar,TWh,196,351,382,542,792,998,1036,1360,196,348,521,894,1442,1918,2218,3807,198,354,591,974,1503,2183,2138,2282,198,354,550,939,1516,2918,2829,3048,196,350,392,568,840,1124,1202,1636
National,Electricity,Capacity by type,Capacity - Total,GW,1152,1252,1140,1203,1328,1506,1564,1860,1153,1251,1254,1435,1716,2284,2806,3878,1153,1260,1309,1573,1976,2486,2618,2694,1153,1265,1269,1534,1839,2749,2887,2958,1154,1259,1169,1254,1399,1629,1720,2066
National,Electricity,Capacity by type,Capacity - Coal,GW,205,195,139,133,131,130,124,103,205,195,81.4,37.9,1.93,1.79,1.72,1.17,205,195,106,82.5,70.4,70.1,70,63.4,205,195,120,108,101,92.4,91.7,75.2,205,195,143,141,139,138,132,110
National,Electricity,Capacity by type,Capacity - Coal w/CC,GW,0,0,0,0,0,0,0,0,0.072,0.09,0.119,0.142,0.163,0.201,0.249,0.377,0,3.94,6.58,6.97,7.6,7.9,1.93,2.01,0,5.95,6.8,7.05,7.78,38.9,33,2.38,0.076,0.101,0.589,0.593,0.596,0.597,0.605,0.639
National,Electricity,Capacity by type,Capacity - Hydro,GW,79.6,80.1,77.2,77.2,77.4,73.2,73.5,73.8,79.4,79.7,79.4,79.7,80,80.5,80.7,80.9,79.4,79.7,80,80.3,80.7,81.3,81.6,81.9,79.6,80.1,72.9,68.8,53.8,53.9,54.3,54.8,79.5,79.9,75.4,75.7,75.8,73.3,73.5,73.7
National,Electricity,Capacity by type,Capacity - Natural Gas,GW,473,467,417,409,413,451,457,639,475,470,456,498,542,661,752,696,474,467,405,384,361,427,551,647,472,465,405,391,386,421,537,639,473,467,411,410,418,466,483,672
National,Electricity,Capacity by type,Capacity - Natural Gas w/CC,GW,0,0,0,0,0,0,0,0,0,0,0,0,0,10.3,70.3,129,0,0,6,18,41.6,44.7,40,32.3,0,0,6,7.54,17.5,55.2,54.5,32.9,0,0,0.617,1.37,2.3,4.84,6.62,9.71
National,Electricity,Capacity by type,Capacity - Nuclear,GW,101,98.8,97.4,97.3,95.5,90.7,90.6,81.9,101,99.6,98.5,98.5,102,105,109,147,101,99.6,98.5,98.6,97.9,62.8,55.4,44.2,101,99.6,98.5,98.6,98.6,38.7,37.7,37.6,101,99.6,98.5,98.6,97.4,94,94.1,84.3
National,Electricity,Capacity by type,Capacity - Offshore Wind,GW,0.032,0.038,2.76,4.39,17.1,40.4,50.3,53.7,0.031,0.033,2.84,4.72,18,46.8,70.4,139,0.031,0.035,2.8,3.53,17.6,66.1,67.8,70.4,0.03,0.032,2.81,3.85,17.9,58.7,61.3,106,0.031,0.034,2.83,4.46,17.3,40.5,50.5,54.5
National,Electricity,Capacity by type,Capacity - Onshore Wind,GW,164,216,203,208,213,217,225,228,164,214,275,301,336,497,691,1049,164,214,293,420,588,655,658,637,164,216,278,404,476,617,621,597,164,215,215,220,225,229,238,245
National,Electricity,Capacity by type,Capacity - Rooftop Solar,GW,32.5,36.8,43.3,52.9,67.4,94.4,113,143,32.5,36.8,43.3,52.9,67.4,94.3,113,143,34.3,44.1,56.1,71.3,91.2,124,144,173,34.3,44.1,56.1,71.3,91.2,124,144,173,34.3,44.1,56.1,71.3,91.3,124,144,173
National,Electricity,Capacity by type,Capacity - Solar,GW,97.1,158,161,221,314,409,431,538,96.8,156,217,362,569,788,918,1493,95.7,157,255,407,621,947,949,942,97.2,159,224,375,590,1249,1253,1240,97,158,165,231,332,459,497,642
National,Electricity,Share of clean generation,Share Clean Generation,share of total,0.456,0.54,0.531,0.57,0.629,0.669,0.67,0.665,0.451,0.532,0.611,0.67,0.754,0.795,0.867,0.962,0.455,0.553,0.655,0.798,0.899,0.893,0.859,0.821,0.455,0.553,0.642,0.761,0.833,0.906,0.886,0.835,0.456,0.542,0.543,0.574,0.628,0.661,0.656,0.659
National,Electricity,Added HV transmission capacity-miles since 2020,New HV Transmission,GW-mile,271,296,90,19,25,365,48,2825,244,81,5037,1406,2321,26552,40635,116607,339,2523,33790,5787,58547,10242,18793,1364,493,4025,5687,1116,40140,12873,17707,5921,264,37,47,5,31,190,18,2732
National,Electricity,Added spur lines since 2020,Spur lines - Total,GW-mile,3160,11236,20083,29976,41513,67984,82376,101407,3132,11025,25811,44706,70071,147569,214731,349651,2951,10899,26860,55800,104082,225615,287401,349788,3259,11387,26915,55455,93844,220853,294339,368101,3155,11127,21005,32019,44710,74556,91043,113495
National,Electricity,Added spur lines since 2020,Spur lines - Solar,GW-mile,368,1140,2209,4002,7096,15500,20194,26791,364,1108,2687,6253,13232,33814,47584,79391,401,1231,2975,6904,14792,41409,55339,69445,388,1212,2993,6990,14947,50057,71995,93979,364,1135,2226,4147,7406,17100,22768,31179
National,Electricity,Added spur lines since 2020,Spur lines - Wind,GW-mile,2792,10096,17873,25975,34417,52484,62182,74616,2768,9917,23124,38453,56840,113755,167147,270260,2550,9668,23885,48895,89290,184206,232063,280343,2871,10175,23922,48465,78896,170797,222344,274122,2791,9992,18779,27872,37304,57456,68275,82316
National,Primary Energy,Energy by source,Energy - Total,quads,82.3,81.6,81.6,81.2,80.4,79.6,81.1,86.4,82.1,81.1,77.7,74.7,72.1,66.8,63.2,68.2,82.2,81.5,79,75.6,73.3,69.5,69.3,74.6,82.2,81.5,79.5,76.1,74.2,71.9,72.2,76.8,82.2,81.5,81.5,81,80.1,79.1,80.2,84.4
National,Primary Energy,Energy by source,Energy - Biomass,quads,4.07,4.05,2.72,2.71,2.71,2.64,2.59,2.61,4.09,4.06,2.98,2.98,2.99,3.03,2.92,9.07,4.07,4.05,2.79,2.79,2.78,2.9,2.9,2.98,4.07,4.05,2.73,2.71,2.68,2.91,2.93,2.93,4.09,4.06,2.76,2.73,2.73,2.73,2.73,2.72
National,Primary Energy,Energy by source,Energy - Fossil Solids,quads,12.6,8.57,8.33,8.66,8.13,7.32,7.09,6.49,12.8,8.62,4.4,1.84,0.786,0.617,0.427,0.129,12.7,8.86,6.67,4.32,3.24,3.39,3.26,3.61,12.7,8.86,7.27,5.24,4.53,6.01,5.85,4.04,12.7,8.52,8.69,9.15,8.68,8.09,7.96,7.05
National,Primary Energy,Energy by source,Energy - Geothermal,quads,0.035,0.036,0.007,0.007,0.007,0.005,0.005,0.005,0.035,0.036,0.036,0.036,0.035,0.035,0.035,0.035,0.035,0.035,0.034,0.033,0.026,0.028,0.032,0.035,0.035,0.035,0.002,0.002,0.001,0.001,0.002,0.002,0.035,0.036,0.006,0.006,0.006,0.005,0.005,0.005
National,Primary Energy,Energy by source,Energy - Hydro,quads,0.943,0.945,0.887,0.886,0.887,0.874,0.844,0.89,0.941,0.942,0.905,0.908,0.909,0.942,0.909,0.957,0.943,0.945,0.905,0.893,0.83,0.883,0.896,0.955,0.943,0.945,0.847,0.791,0.614,0.632,0.615,0.66,0.941,0.943,0.872,0.872,0.872,0.874,0.844,0.89
National,Primary Energy,Energy by source,Energy - Natural Natural Gas,quads,23.6,24.8,26.1,25.1,24.3,24.1,25.5,28.8,23.5,24.6,25.8,25.7,23.6,21.7,19.5,10.5,23.5,24.5,24.4,22.7,20.4,19.1,19,20.7,23.5,24.5,24.6,22.6,21.3,19.8,19.7,21.4,23.4,24.6,25.5,24.7,24,24.2,25.8,29.7
National,Primary Energy,Energy by source,Energy - Offshore Wind,quads,0,0,0.037,0.058,0.241,0.641,0.681,0.801,0,0,0.038,0.062,0.252,0.739,0.961,2.14,0,0,0.038,0.048,0.251,1.06,0.93,1.05,0,0,0.038,0.05,0.249,0.898,0.823,1.63,0,0,0.038,0.059,0.243,0.642,0.684,0.813
National,Primary Energy,Energy by source,Energy - Oil,quads,1.5,1.41,1.25,1.27,1.28,1.34,1.41,1.61,1.5,1.4,1.24,1.25,1.24,1.26,1.25,0.086,1.5,1.41,1.26,1.24,1.26,1.33,1.4,1.61,1.5,1.41,1.26,1.25,1.26,1.33,1.4,1.61,1.5,1.41,1.26,1.27,1.3,1.36,1.42,1.61
National,Primary Energy,Energy by source,Energy - Onshore Wind,quads,1.32,2.14,2.21,2.3,2.31,2.17,2.34,2.7,1.31,2.13,3.22,3.54,3.88,5.46,8.19,13.9,1.31,2.14,3.32,5.05,6.66,6.88,7.32,7.87,1.31,2.14,3.27,4.96,5.64,6.92,7.46,7.89,1.31,2.14,2.39,2.47,2.48,2.34,2.53,2.94
National,Primary Energy,Energy by source,Energy - Refined Fossil Liquids,quads,29,30.1,30.4,30,29.6,29.2,29.1,30.5,28.8,29.6,28.9,26.8,24.7,17.4,12,5.9,28.9,29.9,29.1,26.7,24.4,21,21.1,23.7,28.9,29.9,29.1,26.7,24.3,20.1,20.2,22.4,29,30.1,30.2,29.3,28.4,26.7,25.6,25.3
National,Primary Energy,Energy by source,Energy - Solar,quads,0.824,1.37,1.5,2.09,3,3.83,4.03,5.28,0.824,1.36,1.98,3.29,5.22,6.96,8.05,13.6,0.839,1.41,2.27,3.62,5.46,7.74,7.84,8.53,0.839,1.41,2.13,3.49,5.45,10.2,10.2,11.1,0.831,1.4,1.6,2.26,3.28,4.39,4.74,6.36
National,Primary Energy,Energy by source,Energy - Uranium,quads,8.39,8.23,8.11,8.1,7.94,7.51,7.51,6.76,8.39,8.3,8.2,8.2,8.51,8.69,8.97,11.9,8.39,8.29,8.19,8.19,8.03,5.15,4.53,3.58,8.39,8.29,8.18,8.19,8.18,3.16,3.07,3.07,8.39,8.3,8.2,8.19,8.09,7.79,7.8,6.96
National,CO2,CO2 by source,CO2 captured - Total,MMT,0.033,0.045,0.053,0.065,0.079,0.124,0.151,0.199,0.033,0.065,8.17,16.4,46.4,153,399,1047,7.33,14.7,27,68.8,146,132,88,66.7,7.33,14.7,65.9,101,165,289,269,177,0.017,0.042,15.1,15.9,16.5,18.5,21,28.2
National,CO2,CO2 by source,CO2 captured - Biofuels w/CC,MMT,0.024,0.027,0.031,0.039,0.043,0.063,0.081,0.096,0.024,0.034,4.17,4.31,9.06,29,100,489,0.006,0.008,0.032,2.79,6.24,19.9,20.6,29.4,0.006,0.008,0.035,3.32,9.1,34.9,37.1,38.2,0.007,0.009,3.95,3.9,4.27,3.93,4.73,6.24
National,CO2,CO2 by source,CO2 captured - Cement And Lime CO2 Capture,MMT,0,0,0,0,0,0,0,0,0,0,3.94,11.9,19.9,44.9,83,127,7.33,14.7,0,0,0,0,0,0,7.33,14.7,36.6,72.3,107,103,103,104,0,0,0,0,0,0,0,0
National,CO2,CO2 by source,CO2 captured - Direct Air Capture,MMT,0.001,0.002,0.002,0.003,0.003,0.002,0.002,0.002,0.001,0.004,0.002,0.005,0.008,0.014,0.026,189,0,0,0.649,0.635,0.582,0.609,3.18,11.1,0,0,0.783,1.72,0.857,0.587,4.37,8.75,0,0.003,1.71,1.66,1.56,1.43,1.42,1.38
National,CO2,CO2 by source,CO2 captured - Natural Gas w/CC,MMT,0,0,0,0,0,0,0,0,0,0,0,0,0,23.8,157,215,0,0,22.7,61.8,136,108,59.6,20.2,0,0,26.1,18.1,45.8,149,123,22.3,0,0,2.21,3.89,4.46,7.31,8.48,13.5
National,CO2,CO2 by source,CO2 captured - Reformation H2 w/CC,MMT,0.008,0.016,0.02,0.023,0.033,0.058,0.068,0.1,0.009,0.028,0.055,0.143,17.4,55.3,58.7,26.9,0.002,0.005,3.71,3.63,3.33,3.72,4.66,5.98,0.002,0.005,2.34,5.08,2.56,1.73,1.75,4.22,0.009,0.03,7.2,6.42,6.24,5.85,6.35,7.03
National,CO2,CO2 by destination,CO2 disposition - Total,MMT,0.033,0.045,0.053,0.065,0.079,0.124,0.151,0.199,0.22,0.271,8.42,16.6,46.5,153,399,1047,7.33,51,70,113,192,180,93.3,71.3,7.33,51,108,140,200,523,463,182,0.193,0.253,15.4,16.2,16.6,18.9,21,28.9
National,CO2,CO2 by destination,CO2 disposition - Fischer-Tropsch Liquids,MMT,0,0,0,0,0,0,0,0,0,0,0.109,0.137,0.084,0.238,4.1,150,0,0,0.075,0.074,0.041,19.4,23.6,39.9,0,0,0.044,0.2,0.44,95.6,103,136,0,0,0.345,0.409,1.25,1.94,3.15,6.8
National,CO2,CO2 by destination,CO2 disposition - Geologic CO2 Sequestration,MMT,0.033,0.045,0.053,0.065,0.079,0.124,0.151,0.199,0.22,0.271,8.31,16.5,46.4,153,395,897,7.33,51,69.9,113,192,160,69.7,31.4,7.33,51,108,140,200,427,360,46,0.193,0.252,15,15.8,15.4,17,17.9,22.1
National,CO2,CO2 by destination,CO2 disposition - Other,MMT,0,0,0,0,0,0,0,0,0,0,0,0,0,0,0,0,0,0,0,0,0,0,0,0,0,0,0,0,0,0,0,0,0,0,0,0,0,0,0,0
National,Commercial,Equipment sales -  Commercial Space Heating,Share - Electric Resistance,share,0.031,0.031,0.031,0.031,0.031,0.031,0.031,0.031,0.036,0.045,0.068,0.11,0.143,0.159,0.159,0.16,0.036,0.045,0.068,0.11,0.143,0.151,0.15,0.151,0.036,0.045,0.068,0.11,0.143,0.143,0.143,0.143,0.036,0.039,0.039,0.039,0.039,0.039,0.039,0.039
National,Commercial,Equipment sales -  Commercial Space Heating,Share - Heat Pump,share,0.148,0.148,0.147,0.147,0.147,0.146,0.146,0.145,0.169,0.211,0.329,0.535,0.693,0.752,0.757,0.754,0.169,0.211,0.329,0.535,0.693,0.722,0.725,0.723,0.169,0.211,0.329,0.535,0.693,0.694,0.697,0.694,0.169,0.184,0.184,0.183,0.183,0.182,0.182,0.182
National,Commercial,Equipment sales -  Commercial Space Heating,Share - Natural Gas,share,0.776,0.779,0.784,0.793,0.804,0.821,0.822,0.823,0.749,0.701,0.562,0.322,0.138,0.065,0.061,0.062,0.749,0.701,0.562,0.322,0.138,0.102,0.101,0.102,0.749,0.701,0.562,0.322,0.138,0.137,0.136,0.137,0.749,0.732,0.731,0.731,0.731,0.731,0.733,0.731
National,Commercial,Equipment sales -  Commercial Space Heating,Share - Other Fossil,share,0.044,0.042,0.037,0.029,0.018,0.002,0,0,0.046,0.044,0.04,0.033,0.026,0.024,0.022,0.024,0.046,0.044,0.04,0.033,0.026,0.025,0.023,0.025,0.046,0.044,0.04,0.033,0.026,0.026,0.025,0.027,0.046,0.045,0.046,0.046,0.047,0.047,0.045,0.048
National,Commercial,Equipment sales -  Commercial Water Heating,Share - Electric Resistance,share,0.03,0.031,0.028,0.029,0.028,0.036,0.025,0.032,0.041,0.068,0.136,0.266,0.374,0.433,0.433,0.442,0.041,0.068,0.136,0.266,0.374,0.372,0.368,0.377,0.041,0.068,0.136,0.266,0.374,0.372,0.368,0.377,0.03,0.031,0.028,0.029,0.028,0.036,0.025,0.032
National,Commercial,Equipment sales -  Commercial Water Heating,Share - Heat Pump,share,0,0,0,0,0,0,0,0,0.014,0.048,0.153,0.327,0.469,0.557,0.561,0.555,0.014,0.048,0.153,0.327,0.469,0.471,0.472,0.467,0.014,0.048,0.153,0.327,0.469,0.471,0.472,0.467,0,0,0,0,0,0,0,0
National,Commercial,Equipment sales -  Commercial Water Heating,Share - Natural Gas,share,0.961,0.958,0.965,0.968,0.966,0.957,0.963,0.961,0.937,0.873,0.706,0.404,0.153,0.006,0,0,0.937,0.873,0.706,0.404,0.153,0.152,0.153,0.153,0.937,0.873,0.706,0.404,0.153,0.152,0.153,0.153,0.961,0.958,0.965,0.968,0.966,0.957,0.963,0.961
National,Commercial,Equipment sales -  Commercial Water Heating,Share - Other Fossil,share,0.009,0.011,0.007,0.003,0.006,0.008,0.012,0.007,0.009,0.01,0.006,0.002,0.003,0.004,0.006,0.003,0.009,0.01,0.006,0.002,0.003,0.005,0.007,0.004,0.009,0.01,0.006,0.002,0.003,0.005,0.007,0.004,0.009,0.011,0.007,0.003,0.006,0.008,0.012,0.007
National,Commercial,Equipment stocks -  Commercial Space Heating,Stocks - Electric Resistance,million Tbtu of capacity,0.001,0.001,0.001,0.001,0.001,0.001,0.001,0.001,0.001,0.001,0.001,0.001,0.001,0.002,0.003,0.004,0.001,0.001,0.001,0.001,0.001,0.002,0.003,0.003,0.001,0.001,0.001,0.001,0.001,0.002,0.003,0.003,0.001,0.001,0.001,0.001,0.001,0.001,0.001,0.001
National,Commercial,Equipment stocks -  Commercial Space Heating,Stocks - Heat Pump,million Tbtu of capacity,0.002,0.002,0.002,0.002,0.003,0.003,0.003,0.003,0.002,0.002,0.003,0.004,0.005,0.009,0.012,0.013,0.002,0.002,0.003,0.004,0.005,0.009,0.011,0.013,0.002,0.002,0.003,0.004,0.005,0.009,0.011,0.012,0.002,0.002,0.002,0.003,0.003,0.003,0.003,0.003
National,Commercial,Equipment stocks -  Commercial Space Heating,Stocks - Natural Gas,million Tbtu of capacity,0.018,0.018,0.017,0.017,0.017,0.017,0.017,0.016,0.018,0.017,0.017,0.016,0.014,0.009,0.005,0.002,0.018,0.017,0.017,0.016,0.014,0.009,0.006,0.003,0.018,0.017,0.017,0.016,0.014,0.01,0.006,0.003,0.018,0.017,0.017,0.017,0.016,0.016,0.015,0.014
National,Commercial,Equipment stocks -  Commercial Space Heating,Stocks - Other Fossil,million Tbtu of capacity,0.001,0.001,0.001,0.001,0.001,0.001,0.001,0,0.001,0.001,0.001,0.001,0.001,0.001,0.001,0.001,0.001,0.001,0.001,0.001,0.001,0.001,0.001,0.001,0.001,0.001,0.001,0.001,0.001,0.001,0.001,0.001,0.001,0.001,0.001,0.001,0.001,0.001,0.001,0.001
National,Commercial,Equipment stocks -  Commercial Water Heating,Stocks - Electric Resistance,million Tbtu of capacity,0,0,0,0,0,0,0,0,0,0,0,0,0,0.001,0.001,0.001,0,0,0,0,0,0.001,0.001,0.001,0,0,0,0,0,0.001,0.001,0.001,0,0,0,0,0,0,0,0
National,Commercial,Equipment stocks -  Commercial Water Heating,Stocks - Heat Pump,million Tbtu of capacity,0,0,0,0,0,0,0,0,0,0,0,0,0,0.001,0.001,0.002,0,0,0,0,0,0.001,0.001,0.001,0,0,0,0,0,0.001,0.001,0.001,0,0,0,0,0,0,0,0
National,Commercial,Equipment stocks -  Commercial Water Heating,Stocks - Natural Gas,million Tbtu of capacity,0.002,0.002,0.003,0.003,0.003,0.003,0.003,0.003,0.002,0.002,0.002,0.002,0.002,0.001,0,0,0.002,0.002,0.002,0.002,0.002,0.001,0.001,0,0.002,0.002,0.002,0.002,0.002,0.001,0.001,0,0.002,0.002,0.003,0.003,0.003,0.003,0.003,0.003
National,Commercial,Equipment stocks -  Commercial Water Heating,Stocks - Other Fossil,million Tbtu of capacity,0,0,0,0,0,0,0,0,0,0,0,0,0,0,0,0,0,0,0,0,0,0,0,0,0,0,0,0,0,0,0,0,0,0,0,0,0,0,0,0
National,Commercial,Final energy use -  Commercial Space Heating,Energy - Total,quads,2,1.97,1.95,1.92,1.9,1.84,1.8,1.73,1.99,1.96,1.91,1.84,1.74,1.46,1.23,1.03,1.99,1.96,1.91,1.84,1.74,1.47,1.25,1.07,1.99,1.96,1.91,1.84,1.74,1.48,1.28,1.11,1.99,1.96,1.93,1.9,1.87,1.8,1.75,1.68
National,Commercial,Final energy use -  Commercial Space Heating,Energy - Electricity,quads,0.11,0.112,0.114,0.115,0.117,0.119,0.118,0.11,0.113,0.119,0.133,0.161,0.203,0.325,0.425,0.527,0.113,0.119,0.133,0.161,0.203,0.32,0.412,0.501,0.113,0.119,0.133,0.161,0.203,0.312,0.398,0.477,0.113,0.118,0.123,0.128,0.132,0.141,0.144,0.137
National,Commercial,Final energy use -  Commercial Space Heating,Energy - Other Fossil,quads,0.173,0.17,0.166,0.159,0.148,0.11,0.075,0.027,0.173,0.171,0.168,0.162,0.155,0.132,0.116,0.101,0.173,0.171,0.168,0.162,0.155,0.133,0.117,0.104,0.173,0.171,0.168,0.162,0.155,0.134,0.119,0.108,0.173,0.171,0.169,0.167,0.165,0.159,0.157,0.158
National,Commercial,Final energy use -  Commercial Space Heating,Energy - Pipeline Natural Gas,quads,1.72,1.69,1.67,1.65,1.63,1.61,1.61,1.59,1.71,1.67,1.61,1.51,1.38,1,0.691,0.402,1.71,1.67,1.61,1.51,1.38,1.01,0.724,0.465,1.71,1.67,1.61,1.51,1.38,1.03,0.761,0.523,1.71,1.67,1.64,1.6,1.57,1.5,1.45,1.39
National,Commercial,Final energy use -  Commercial Water Heating,Energy - Total,quads,0.634,0.642,0.65,0.662,0.674,0.704,0.729,0.825,0.634,0.638,0.637,0.625,0.6,0.513,0.444,0.447,0.633,0.638,0.637,0.625,0.6,0.529,0.478,0.507,0.633,0.638,0.637,0.625,0.6,0.529,0.478,0.507,0.634,0.642,0.65,0.662,0.674,0.704,0.729,0.825
National,Commercial,Final energy use -  Commercial Water Heating,Energy - Electricity,quads,0.015,0.015,0.015,0.015,0.015,0.016,0.017,0.019,0.016,0.019,0.031,0.058,0.102,0.237,0.343,0.443,0.016,0.019,0.031,0.058,0.102,0.219,0.304,0.376,0.016,0.019,0.031,0.058,0.102,0.219,0.304,0.376,0.015,0.015,0.015,0.015,0.015,0.016,0.017,0.019
National,Commercial,Final energy use -  Commercial Water Heating,Energy - Other Fossil,quads,0.006,0.006,0.006,0.006,0.006,0.006,0.006,0.007,0.006,0.006,0.006,0.006,0.006,0.004,0.004,0.004,0.006,0.006,0.006,0.006,0.006,0.004,0.004,0.004,0.006,0.006,0.006,0.006,0.006,0.004,0.004,0.004,0.006,0.006,0.006,0.006,0.006,0.006,0.006,0.007
National,Commercial,Final energy use -  Commercial Water Heating,Energy - Pipeline Natural Gas,quads,0.614,0.621,0.629,0.64,0.653,0.682,0.706,0.799,0.612,0.613,0.6,0.562,0.493,0.273,0.097,0.001,0.612,0.612,0.6,0.562,0.493,0.306,0.17,0.127,0.612,0.612,0.6,0.562,0.493,0.306,0.17,0.127,0.614,0.621,0.629,0.64,0.653,0.682,0.706,0.799
National,Labor,Employment by economic sector,Employment - Agriculture,thousand jobs,28.1,28.1,22.9,22.9,22.9,22.3,21.8,22.3,28.3,28.2,23.8,23.9,23.8,23.2,17.2,34.4,28.2,28.1,23,23,23,23.6,23.6,24.1,28.2,28.1,22.9,23,23.1,24.4,24.5,24.5,28.2,28.2,23.1,22.9,22.9,22.9,22.9,22.9
National,Labor,Employment by economic sector,Employment - Construction,thousand jobs,818,671,711,773,861,710,690,752,818,705,932,1075,1271,1110,1126,1393,863,732,900,1121,1399,1177,1018,935,865,741,963,1193,1374,1678,1148,1077,866,725,776,854,949,769,748,813
National,Labor,Employment by economic sector,Employment - Manufacturing,thousand jobs,614,478,385,406,459,354,329,337,614,476,588,563,663,481,442,467,621,553,786,1143,1620,645,364,340,621,553,810,1173,1499,1760,400,378,622,486,418,425,480,367,342,348
National,Labor,Employment by economic sector,Employment - Mining,thousand jobs,574,541,517,475,439,363,303,207,572,538,498,450,402,298,207,120,572,538,499,445,399,324,264,180,573,539,503,448,407,347,286,191,573,539,513,473,436,360,300,205
National,Labor,Employment by economic sector,Employment - Other,thousand jobs,95.3,61.4,72.9,90.7,110,72.3,69.3,81,95.5,61.1,103,136,175,125,140,208,105,72.8,101,141,194,144,119,112,105,72.8,114,156,196,249,137,132,105,72.6,85.3,106,128,83,80.3,92.5
National,Labor,Employment by economic sector,Employment - Pipeline,thousand jobs,56.7,59,61,59.8,59.1,58.5,59.8,61.9,56.3,69.4,70.4,68.8,65.3,56.7,36.1,23.6,56.4,60.6,60.6,57.5,54.1,50.9,47.8,48.7,56.4,63.5,63.6,60.3,57.9,56,50.3,52.2,56.5,58.9,60.3,59,58.2,57.5,58.5,60.5
National,Labor,Employment by economic sector,Employment - Professional,thousand jobs,416,378,387,398,434,381,366,373,417,379,470,510,596,568,625,841,430,396,471,564,698,632,564,510,431,396,486,582,662,829,611,568,431,395,413,430,470,408,394,404
National,Labor,Employment by economic sector,Employment - Trade,thousand jobs,360,329,333,339,358,309,293,290,360,328,374,396,441,388,397,515,370,340,374,421,493,436,392,361,370,341,387,437,481,576,429,404,370,341,348,358,379,323,307,307
National,Labor,Employment by economic sector,Employment - Utilities,thousand jobs,519,559,573,542,590,650,660,781,520,609,716,737,884,1059,1113,1427,516,572,679,780,927,998,947,938,519,584,689,796,881,1234,1083,1091,520,561,588,579,628,702,716,852
National,Labor,Employment,Employment - Total,thousand jobs,3481,3103,3063,3106,3333,2919,2793,2906,3481,3193,3775,3960,4522,4109,4102,5028,3562,3293,3895,4696,5808,4430,3740,3450,3568,3318,4037,4868,5580,6752,4170,3918,3571,3206,3225,3306,3551,3093,2968,3104
National,Labor,Employment by resource sector,Employment - Biomass,thousand jobs,84.5,82.8,69.9,68.6,67.8,64.3,61.2,58.6,85.1,83.2,73.4,71.3,72,69.1,59.2,143,84,82.3,71.6,71.2,70.2,70.6,68.8,66,84.5,82.9,70.1,69.6,68.3,71.5,69.5,65.2,84.9,83.3,71.6,69.3,68.5,66.4,64.5,61.1
National,Labor,Employment by resource sector,Employment - CO2 transport & storage,thousand jobs,0,0.889,3.13,3.13,3.13,2.22,0,0,0,91.1,93.5,93.7,94.9,98.2,17.4,39.2,0,21.3,25.5,27.4,30.9,28.4,3.07,1.37,0.336,46.2,50.9,52.2,54.8,63.7,15.9,2.01,0,3.11,6.03,6.06,6.02,5.18,0.787,0.965
National,Labor,Employment by resource sector,Employment - Coal,thousand jobs,140,120,109,87.5,80.9,71.6,64.5,49.4,141,120,94.3,44.5,24.1,10.3,8.72,6.53,140,123,105,63.2,50.1,42.7,39.3,32.2,140,124,107,71.9,63.6,67.5,59.1,41.1,140,120,111,91,85.4,76.4,69.1,52.9
National,Labor,Employment by resource sector,Employment - Grid,thousand jobs,508,614,558,602,708,838,861,1060,508,633,748,907,1195,1630,1821,2449,501,623,778,1070,1381,1600,1526,1499,509,623,770,1083,1276,2036,1819,1808,509,618,595,671,783,939,969,1195
National,Labor,Employment by resource sector,Employment - Natural Gas,thousand jobs,709,701,790,691,663,640,644,698,708,693,781,699,656,576,526,360,705,690,737,644,599,531,527,546,705,689,741,636,598,544,532,562,705,694,774,677,653,638,645,709
National,Labor,Employment by resource sector,Employment - Nuclear,thousand jobs,51.3,51.7,52.3,49.6,53.7,54.7,48.2,45.5,51.3,52.2,52.8,50.2,73.9,62.8,63.3,122,51.3,51.3,50.4,52.8,49.8,40.6,31.2,26.5,51.3,51.3,50.4,52.6,49.2,33.1,18.9,22,51.3,51.3,50.4,57,53.8,56.3,49.9,46.9
National,Labor,Employment by resource sector,Employment - Oil,thousand jobs,852,836,812,775,749,685,622,503,850,832,799,749,710,551,378,252,851,835,801,749,708,638,584,483,851,835,801,749,708,677,623,528,852,837,810,770,741,670,603,477
National,Labor,Employment by resource sector,Employment - Solar,thousand jobs,845,424,490,660,810,357,302,323,846,417,764,1061,1353,609,596,830,937,596,944,1474,2170,907,487,395,935,595,1076,1627,2255,2576,586,471,936,528,595,786,952,426,368,380
National,Labor,Employment by resource sector,Employment - Wind,thousand jobs,292,272,179,170,198,207,190,170,291,271,369,283,343,503,633,828,291,271,384,544,750,572,474,402,292,272,371,527,507,683,447,419,291,272,211,180,208,217,200,182
National,Labor,Wages by resource sector,Wages - Biomass,billion 2019 USD,0.311,0.311,0.275,0.274,0.274,0.27,0.269,0.269,0.311,0.311,0.342,0.282,0.349,0.324,0.382,1.43,0.279,0.278,0.279,0.317,0.327,0.326,0.338,0.312,0.311,0.31,0.275,0.31,0.32,0.365,0.348,0.311,0.311,0.311,0.334,0.275,0.274,0.275,0.275,0.279
National,Labor,Wages by resource sector,Wages - Biomass - Corn Ethanol,billion 2019 USD,2.27,2.26,2.24,2.24,2.23,2.16,2.11,2.18,2.28,2.26,2.25,2.23,2.23,2.05,0.893,0.018,2.27,2.26,2.25,2.24,2.23,2.23,2.22,2.24,2.27,2.26,2.24,2.25,2.25,2.27,2.27,2.28,2.28,2.27,2.26,2.23,2.23,2.21,2.2,2.2
National,Labor,Wages by resource sector,Wages - Biomass - Nonwoody,billion 2019 USD,0.038,0.033,0.001,0.001,0.002,0.003,0.002,0.002,0.031,0.032,0.013,0.003,0.002,0.025,0.103,3.53,0.031,0.037,0.001,0.001,0.001,0.025,0.03,0.042,0.031,0.037,0.006,0.002,0.001,0.05,0.046,0.049,0.04,0.04,0.008,0.004,0.001,0.002,0.003,0.005
National,Labor,Wages by resource sector,Wages - Biomass - Other,billion 2019 USD,1.38,1.33,1.21,1.17,1.16,1.1,1.04,0.939,1.41,1.35,1.25,1.23,1.25,1.27,1.5,1.81,1.39,1.33,1.31,1.29,1.25,1.3,1.26,1.19,1.39,1.33,1.22,1.18,1.11,1.19,1.15,1.07,1.39,1.34,1.24,1.21,1.2,1.17,1.12,1.05
National,Labor,Wages by resource sector,Wages - Biomass - Woody,billion 2019 USD,0.595,0.588,0.071,0.065,0.062,0.054,0.048,0.04,0.605,0.594,0.163,0.169,0.165,0.259,0.789,2.52,0.603,0.597,0.08,0.079,0.077,0.113,0.11,0.145,0.603,0.597,0.074,0.068,0.066,0.148,0.151,0.146,0.598,0.591,0.075,0.072,0.072,0.067,0.068,0.067
National,Labor,Wages by resource sector,Wages - CO2 transport & storage,billion 2019 USD,0,0.063,0.223,0.225,0.227,0.165,0,0,0,5.59,5.79,5.83,5.95,6.28,1.32,3.13,0,1.32,1.63,1.78,2.04,1.9,0.234,0.11,0.024,2.86,3.21,3.32,3.53,4.25,1.21,0.161,0,0.199,0.409,0.414,0.414,0.36,0.06,0.077
National,Labor,Wages by resource sector,Wages - Coal,billion 2019 USD,8.22,7.16,6.62,5.23,4.87,4.41,4.06,3.24,8.25,7.17,5.87,2.74,1.48,0.58,0.501,0.389,8.23,7.34,6.44,3.84,3.06,2.63,2.47,2.1,8.23,7.42,6.52,4.35,3.87,4.23,3.77,2.71,8.23,7.15,6.71,5.44,5.15,4.7,4.35,3.46
National,Labor,Wages by resource sector,Wages - Grid,billion 2019 USD,31.5,38.3,35,37.9,44.8,53.8,56.1,71.1,31.6,39.5,46.9,57.2,75.7,105,119,164,31.1,38.9,48.8,67.4,87.5,103,99.4,101,31.6,38.8,48.3,68.3,80.9,131,119,121,31.6,38.6,37.3,42.3,49.6,60.3,63.1,80.2
National,Labor,Wages by resource sector,Wages - Natural Gas,billion 2019 USD,46.4,46.1,52.2,46,44.3,43.3,44,48.8,46.3,45.7,51.6,46.6,43.9,39,36,25.3,46.2,45.4,48.7,42.9,40,35.9,36.1,38.2,46.1,45.4,49,42.3,40,36.9,36.5,39.4,46.2,45.7,51.2,45.1,43.7,43.2,44.2,49.6
National,Labor,Wages by resource sector,Wages - Nuclear,billion 2019 USD,3.62,3.68,3.76,3.6,3.93,4.1,3.7,3.68,3.62,3.71,3.8,3.64,5.41,4.71,4.86,9.85,3.62,3.65,3.62,3.83,3.64,3.04,2.4,2.14,3.62,3.65,3.62,3.81,3.6,2.49,1.45,1.78,3.62,3.65,3.62,4.13,3.94,4.22,3.84,3.79
National,Labor,Wages by resource sector,Wages - Oil,billion 2019 USD,55.6,54.9,53.5,51.3,49.9,46.1,42.4,34.9,55.5,54.6,52.7,49.7,47.4,37.2,25.9,17.4,55.6,54.8,52.8,49.6,47.2,43.1,39.8,33.6,55.6,54.8,52.8,49.7,47.2,45.6,42.4,36.6,55.7,54.9,53.4,51,49.3,45.1,41.1,33.2
National,Labor,Wages by resource sector,Wages - Solar,billion 2019 USD,47,23.8,27.7,37.5,46.3,20.8,18,19.9,47.1,23.3,43.1,60.2,77.2,35.5,35.3,50.9,52.2,33.2,52.6,82.3,121,52.2,28.9,24.3,52.1,33.2,60.1,90.9,126,146,34.8,29,52.2,29.6,33.7,44.7,54.5,24.9,21.9,23.4
National,Labor,Wages by resource sector,Wages - Wind,billion 2019 USD,16.7,16.1,11.1,10.6,12.3,13.2,12.4,11.6,16.7,16.1,21.9,17.4,21.1,31.5,40.6,55.7,16.7,16.1,22.8,32.5,45.1,36.4,31.1,27.4,16.7,16.2,22,31.4,31,42.4,29.3,28.6,16.7,16.1,12.9,11.3,13,13.8,13,12.3
National,Labor,Wages,Wages - Total,billion 2019 USD,214,195,194,196,210,190,184,197,214,200,236,247,282,263,267,336,218,205,241,288,354,282,244,232,219,207,249,298,340,417,272,263,219,200,203,208,223,200,195,210
National,Labor,Employment by on-Site or In-Plant Training,Employment - 1 To 4 Years,thousand jobs,556,496,493,501,539,475,456,481,556,513,612,645,740,679,680,831,570,527,627,757,938,726,616,571,571,532,651,786,902,1098,689,650,571,513,520,534,575,504,486,514
National,Labor,Employment by on-Site or In-Plant Training,Employment - 4 To 10 Years,thousand jobs,224,202,206,209,225,201,195,208,224,211,254,271,311,291,294,360,230,213,252,298,362,305,267,249,230,216,262,310,350,430,299,283,231,210,217,224,241,214,208,223
National,Labor,Employment by on-Site or In-Plant Training,Employment - None,thousand jobs,565,500,493,501,538,465,442,457,565,513,611,641,733,657,657,810,579,532,632,766,953,713,596,546,580,536,656,795,914,1101,662,619,581,517,520,534,574,493,470,488
National,Labor,Employment by on-Site or In-Plant Training,Employment - Over 10 Years,thousand jobs,27.3,24.6,24.7,25.2,27.3,24.5,23.9,25.9,27.3,25.6,31.2,33.1,38.3,36.1,36.6,45.1,28,26.2,31.6,38.5,48,38.3,33,31.1,28.1,26.4,32.9,40,46.1,57.1,37,35.4,28.1,25.5,26.1,26.9,29.3,26.1,25.6,27.8
National,Labor,Employment by on-Site or In-Plant Training,Employment - Up To 1 Year,thousand jobs,2108,1881,1846,1871,2004,1755,1675,1735,2108,1930,2267,2369,2700,2446,2435,2982,2154,1994,2352,2836,3508,2648,2228,2053,2158,2008,2435,2937,3368,4067,2483,2331,2160,1940,1942,1988,2131,1856,1778,1851
National,Labor,Employment by on-the-Job Training,Employment - 1 To 4 Years,thousand jobs,712,636,633,642,692,610,587,620,712,659,787,830,952,877,880,1076,729,676,805,970,1201,935,795,737,731,682,835,1007,1154,1407,889,840,731,658,668,686,739,648,626,664
National,Labor,Employment by on-the-Job Training,Employment - 4 To 10 Years,thousand jobs,213,191,196,200,217,193,188,202,213,200,244,263,303,285,289,357,220,203,241,287,350,298,261,244,220,205,251,299,339,419,293,279,220,199,207,215,233,206,201,217
National,Labor,Employment by on-the-Job Training,Employment - None,thousand jobs,195,172,170,173,185,159,150,153,195,176,208,219,249,220,219,270,200,183,214,257,316,239,201,183,200,184,222,266,304,364,223,207,200,178,179,184,197,168,160,163
National,Labor,Employment by on-the-Job Training,Employment - Over 10 Years,thousand jobs,35.2,30.1,29.5,30.3,32.8,27.4,25.9,26.6,35.2,31,37.5,39.5,45.2,38.6,37.9,45.4,36.2,32.5,39.4,48.9,61.7,42.6,34.3,31.1,36.3,32.7,41.1,50.9,59.2,70.2,38,35.2,36.3,31.3,31.4,32.4,35,29,27.5,28.3
National,Labor,Employment by on-the-Job Training,Employment - Up To 1 Year,thousand jobs,2326,2074,2034,2061,2207,1930,1842,1905,2325,2127,2498,2609,2973,2688,2676,3279,2377,2200,2596,3133,3880,2915,2448,2255,2381,2215,2687,3244,3722,4491,2727,2558,2383,2139,2139,2189,2347,2042,1955,2031
National,Labor,Employment by related work experience,Employment - 1 To 4 Years,thousand jobs,1264,1134,1120,1132,1211,1066,1019,1057,1264,1166,1370,1432,1631,1488,1486,1818,1292,1200,1411,1689,2079,1602,1358,1252,1294,1209,1460,1749,1997,2416,1513,1421,1295,1170,1176,1202,1288,1128,1082,1128
National,Labor,Employment by related work experience,Employment - 4 To 10 Years,thousand jobs,807,724,718,725,777,684,655,682,807,746,884,925,1055,966,967,1181,825,767,907,1088,1342,1037,880,811,826,773,939,1127,1288,1561,979,920,827,747,754,771,827,725,696,729
National,Labor,Employment by related work experience,Employment - None,thousand jobs,492,440,436,443,476,419,403,424,492,454,539,568,650,594,593,730,504,467,553,667,825,637,541,503,505,471,574,692,794,966,605,572,505,455,459,472,508,445,429,453
National,Labor,Employment by related work experience,Employment - Over 10 Years,thousand jobs,220,197,193,195,208,183,174,180,220,203,238,247,281,255,254,308,225,209,249,301,373,276,230,212,225,211,257,311,357,430,256,240,226,203,203,207,221,193,185,192
National,Labor,Employment by related work experience,Employment - Up To 1 Year,thousand jobs,698,609,596,612,661,567,541,563,698,625,744,788,905,806,802,992,716,651,776,951,1190,878,731,672,717,655,807,989,1144,1381,816,765,718,632,632,655,707,603,577,603
National,Labor,Employment by education level,Employment - Associates Degree Or Some College,thousand jobs,1054,936,929,945,1021,897,863,915,1054,969,1164,1227,1413,1297,1306,1608,1080,998,1199,1460,1822,1391,1175,1092,1082,1007,1245,1515,1748,2136,1314,1244,1083,969,982,1009,1092,954,921,981
National,Labor,Employment by education level,Employment - Bachelors Degree,thousand jobs,755,687,676,674,714,628,595,599,755,701,811,835,939,852,847,1031,769,722,837,986,1199,923,781,709,770,726,861,1015,1148,1371,862,799,771,705,705,712,754,661,628,636
National,Labor,Employment by education level,Employment - Doctoral Degree,thousand jobs,26.2,23.8,24,24.2,25.6,22.2,20.9,20.5,26.2,24,28.3,29.7,33.5,30.2,31.1,39.5,26.9,24.8,28.5,32.8,39.3,33.1,28.8,25.6,26.9,24.9,29.3,33.9,37.7,44.8,31.2,28.5,26.9,24.7,25.2,25.7,27.2,23.4,22.1,21.9
National,Labor,Employment by education level,Employment - High School Diploma Or Less,thousand jobs,1465,1291,1270,1299,1399,1218,1168,1226,1465,1330,1576,1666,1909,1719,1705,2085,1502,1376,1632,1986,2469,1855,1559,1445,1505,1387,1697,2064,2378,2878,1747,1647,1506,1337,1341,1386,1495,1292,1243,1309
National,Labor,Employment by education level,Employment - Masters Or Professional Degree,thousand jobs,180,166,164,164,173,154,146,147,180,169,195,202,228,211,213,265,184,173,199,232,279,227,196,178,184,174,205,239,268,322,216,200,184,170,171,173,183,162,154,156
National,Air pollution,Avoided air pollution damages,Avoided air pollution damages - Fuel Comb - Comm/Institutional - Coal,billion 2019 USD,0,0,0,0,0,0,0,0,0,0.1,0.2,0.2,0.3,0.5,0.7,0.8,0,0,0,0,0,0,0,0,0,0,0,0,0,0,0,0,0,0,0,0,0,0,0,0
National,Air pollution,Avoided air pollution damages,Avoided air pollution damages - Fuel Comb - Comm/Institutional - Natural Gas,billion 2019 USD,0,0,0,0,0,0,0,0,0,0.3,0.8,1.6,2.8,6.7,9.3,12.6,0,0.1,0.3,0.9,1.8,4.7,6.5,8.6,0,0.1,0.3,0.9,1.8,4.6,6.4,8.3,0,0,0.1,0.2,0.2,0.5,0.7,0.9
National,Air pollution,Avoided air pollution damages,Avoided air pollution damages - Fuel Comb - Comm/Institutional - Oil,billion 2019 USD,0,0,0,0,0,0,0,0,0,0.1,0.3,0.4,0.5,0.8,0.9,0.9,0,0,0,0,-0.1,-0.2,-0.4,-0.8,0,0,0,0,-0.1,-0.3,-0.5,-0.9,0,0,0,-0.1,-0.2,-0.5,-0.9,-1.4
National,Air pollution,Avoided air pollution damages,Avoided air pollution damages - Fuel Comb - Comm/Institutional - Other,billion 2019 USD,0,0,0,0,0,0,0,0,0,0.1,0.3,0.4,0.5,0.9,1.2,1.7,0,0,0,0,0,0,0,0,0,0,0,0,0,0,0,0,0,0,0,0,0,0,0,0
National,Air pollution,Avoided air pollution damages,Avoided air pollution damages - Fuel Comb - Electric Generation - Coal,billion 2019 USD,0,0,0,0,0,0,0,0,-0.7,-0.1,20,29.8,29.8,25.3,23.5,18.6,-0.6,-0.3,7.8,22,22.1,17.1,14.6,8.1,-0.6,-0.4,4.1,16.3,15.4,10.8,10.7,7.2,-0.2,0.1,-3.3,-3.6,-3.8,-5.4,-5,-1.8
National,Air pollution,Avoided air pollution damages,Avoided air pollution damages - Fuel Comb - Electric Generation - Natural Gas,billion 2019 USD,0,0,0,0,0,0,0,0,-0.4,-1.2,0.3,-2.1,-0.4,-0.2,2.6,7.7,-0.2,-0.3,-0.4,2.4,5.6,3.5,1.8,1.3,-0.2,-0.3,0.5,1.7,2,4.4,2.5,3,0,-0.1,0,-0.4,-0.6,-0.7,-1,-1.1
National,Air pollution,Avoided air pollution damages,Avoided air pollution damages - Fuel Comb - Residential - Natural Gas,billion 2019 USD,0,0,0,0,0,0,0,0,0,0.6,1.7,3.9,7,16.8,22.6,30.3,0,0.6,1.8,3.9,6.3,13.1,16.8,21.9,0,0.6,1.8,3.9,6,12,15.2,19.5,0,0.5,1,1.5,2,3.1,3.4,4.2
National,Air pollution,Avoided air pollution damages,Avoided air pollution damages - Fuel Comb - Residential - Oil,billion 2019 USD,0,0,0,0,0,0,0,0,0,-0.1,0,0.2,0.7,2.3,3.4,4.4,0,0,0.1,0.6,1.1,2.6,3.4,4.2,0,0,0.1,0.6,1.1,2.6,3.4,4.2,0,-0.1,0,0.1,0.4,1.6,2.5,3.8
National,Air pollution,Avoided air pollution damages,Avoided air pollution damages - Fuel Comb - Residential - Other,billion 2019 USD,0,0,0,0,0,0,0,0,0,0,0.1,0.2,0.5,1.1,1.5,2,0,0,0.1,0.2,0.3,0.7,0.8,0.9,0,0,0.1,0.2,0.3,0.6,0.8,0.8,0,0,0,0,0.1,0.1,0.1,0
National,Air pollution,Avoided air pollution damages,Avoided air pollution damages - Industrial Processes - Coal Mining,billion 2019 USD,0,0,0,0,0,0,0,0,0,0,0.4,0.8,0.8,0.8,0.7,0.7,0,0,0.2,0.5,0.6,0.5,0.4,0.3,0,0,0.1,0.4,0.4,0.2,0.2,0.3,0,0,0,-0.1,-0.1,-0.1,-0.1,-0.1
National,Air pollution,Avoided air pollution damages,Avoided air pollution damages - Industrial Processes - Oil & Gas Production,billion 2019 USD,0,0,0,0,0,0,0,0,0,0,0.2,-0.5,0.5,3.7,9.4,21.3,0,0.2,1.3,1.9,3.1,4.1,5,6.2,0,0.2,1.2,2,2.4,3.9,4.7,5.6,0,0.1,0.4,0.2,0.1,-0.1,-0.4,-0.9
National,Air pollution,Avoided air pollution damages,Avoided air pollution damages - Mobile - On-Road - Buses,billion 2019 USD,0,0,0,0,0,0,0,0,-0.2,-0.3,-0.3,-0.2,0.2,1.5,2.3,2.7,0,0,0,0.1,0.1,0.1,0.1,0.1,0,0,0,0.1,0.1,0.1,0.1,0.1,0,0,0,0.1,0.1,0.1,0.1,0.1
National,Air pollution,Avoided air pollution damages,Avoided air pollution damages - Mobile - On-Road - Heavy Duty Trucks,billion 2019 USD,0,0,0,0,0,0,0,0,0,0.1,0.4,1.3,3,9.4,13.9,17.7,0,0,0.5,2.2,4.7,10.7,13,15.9,0,0.1,0.9,3.2,5.8,11.6,13.4,15.8,0,0,0.4,1.7,3.5,8.7,11.7,15.5
National,Air pollution,Avoided air pollution damages,Avoided air pollution damages - Mobile - On-Road - Light Duty Autos,billion 2019 USD,0,0,0,0,0,0,0,0,0,0.8,2,4.3,7.2,15.3,19.6,22.6,-0.4,-0.4,1.5,4.7,8.2,15.1,13.7,7.4,-0.5,-0.5,1.3,4.5,8,14.2,13,7.3,-0.5,-0.7,-0.5,-0.4,0.1,2.1,3.8,5
National,Air pollution,Avoided air pollution damages,Avoided air pollution damages - Mobile - On-Road - Light Duty Trucks,billion 2019 USD,0,0,0,0,0,0,0,0,0,0.3,1.9,6.2,14,41.3,58.9,77,-0.1,-0.1,3.8,13,20.1,26.6,20.6,14.7,-0.1,-0.1,3.1,12.1,18.7,24.4,19.3,14.7,-0.1,-0.1,0.4,2.8,4,5.4,6.4,12.5
National,Air pollution,Avoided air pollution damages,Avoided air pollution damages - Mobile - On-Road - Medium Duty Trucks,billion 2019 USD,0,0,0,0,0,0,0,0,0.1,0.2,0.5,1.4,3.1,9.1,13.5,20.5,0,0.1,0.8,2.7,5,8.1,6.7,4,0,0.1,0.8,2.7,4.9,8.2,6.8,3.8,0,0.1,0.1,0.1,0.1,0.1,0.2,1.7
National,Air pollution,Avoided air pollution damages,Avoided air pollution damages - all sectors,billion 2019 USD,0,0,0,0,0,0,0,0,-1.2,1.1,28.8,47.9,70.6,135,184,241,-1.2,0,17.9,55.1,78.9,107,103,92.9,-1.2,-0.3,14.4,48.4,66.8,97.3,95.9,89.8,-0.7,-0.2,-1.4,2,5.9,14.9,21.4,38.6
National,Air pollution,Avoided premature mortalities,Avoided premature mortalities - Fuel Comb - Comm/Institutional - Coal,deaths,0,0,0,0,0,0,0,0,0,10,19,27,36,58,75,90,0,0,0,0,0,0,0,0,0,0,0,0,0,0,0,0,0,0,0,0,0,0,0,0
National,Air pollution,Avoided premature mortalities,Avoided premature mortalities - Fuel Comb - Comm/Institutional - Natural Gas,deaths,0,0,0,0,0,0,0,0,0,35,91,183,313,753,1049,1415,0,9,36,100,203,533,734,969,0,9,36,100,203,522,716,939,0,5,10,17,26,56,75,105
National,Air pollution,Avoided premature mortalities,Avoided premature mortalities - Fuel Comb - Comm/Institutional - Oil,deaths,0,0,0,0,0,0,0,0,0,15,30,45,58,85,100,102,0,-1,-2,-3,-6,-28,-49,-93,0,-1,-2,-3,-6,-29,-52,-97,0,-1,-3,-9,-18,-61,-97,-159
National,Air pollution,Avoided premature mortalities,Avoided premature mortalities - Fuel Comb - Comm/Institutional - Other,deaths,0,0,0,0,0,0,0,0,0,14,29,44,59,105,141,190,0,0,0,0,0,0,0,0,0,0,0,0,0,0,0,0,0,0,0,0,0,0,0,0
National,Air pollution,Avoided premature mortalities,Avoided premature mortalities - Fuel Comb - Electric Generation - Coal,deaths,0,0,0,0,0,0,0,0,-74,-12,2254,3351,3354,2846,2644,2092,-64,-30,882,2477,2484,1929,1644,916,-64,-40,457,1838,1735,1216,1200,813,-24,10,-376,-411,-429,-610,-569,-201
National,Air pollution,Avoided premature mortalities,Avoided premature mortalities - Fuel Comb - Electric Generation - Natural Gas,deaths,0,0,0,0,0,0,0,0,-40,-129,38,-240,-40,-21,294,865,-18,-38,-42,273,628,390,207,146,-18,-38,54,193,223,490,277,341,0,-13,4,-50,-63,-81,-119,-124
National,Air pollution,Avoided premature mortalities,Avoided premature mortalities - Fuel Comb - Residential - Natural Gas,deaths,0,0,0,0,0,0,0,0,0,65,196,438,786,1893,2543,3406,0,72,209,437,712,1475,1892,2466,0,72,209,437,679,1355,1709,2194,0,56,117,174,225,352,384,475
National,Air pollution,Avoided premature mortalities,Avoided premature mortalities - Fuel Comb - Residential - Oil,deaths,0,0,0,0,0,0,0,0,0,-9,-3,28,82,261,377,490,0,-3,16,67,127,290,386,474,0,-3,16,67,126,289,386,476,0,-6,-4,11,42,176,286,429
National,Air pollution,Avoided premature mortalities,Avoided premature mortalities - Fuel Comb - Residential - Other,deaths,0,0,0,0,0,0,0,0,0,4,12,28,51,123,173,229,0,2,9,22,36,74,94,106,0,2,9,22,35,69,86,94,0,1,3,5,6,10,8,-4
National,Air pollution,Avoided premature mortalities,Avoided premature mortalities - Industrial Processes - Coal Mining,deaths,0,0,0,0,0,0,0,0,-2,-1,49,85,92,86,83,78,-1,-2,23,56,63,52,48,35,-1,-2,15,44,46,22,19,29,0,1,-4,-6,-6,-9,-11,-7
National,Air pollution,Avoided premature mortalities,Avoided premature mortalities - Industrial Processes - Oil & Gas Production,deaths,0,0,0,0,0,0,0,0,0,2,19,-61,59,415,1052,2395,0,25,144,216,350,461,560,695,0,25,137,221,271,438,532,636,0,6,45,26,13,-16,-42,-96
National,Air pollution,Avoided premature mortalities,Avoided premature mortalities - Mobile - On-Road - Buses,deaths,0,0,0,0,0,0,0,0,-20,-29,-32,-20,19,174,263,302,1,2,4,7,9,14,13,15,1,2,4,7,9,14,13,15,1,2,4,7,9,14,13,15
National,Air pollution,Avoided premature mortalities,Avoided premature mortalities - Mobile - On-Road - Heavy Duty Trucks,deaths,0,0,0,0,0,0,0,0,0,8,43,146,342,1063,1559,1995,-1,3,56,251,533,1204,1463,1787,-1,6,100,356,651,1303,1508,1777,-1,1,44,191,396,977,1312,1744
National,Air pollution,Avoided premature mortalities,Avoided premature mortalities - Mobile - On-Road - Light Duty Autos,deaths,0,0,0,0,0,0,0,0,1,93,226,485,807,1723,2203,2540,-44,-43,166,532,920,1702,1538,835,-51,-61,143,507,896,1601,1468,820,-51,-75,-61,-46,8,240,423,566
National,Air pollution,Avoided premature mortalities,Avoided premature mortalities - Mobile - On-Road - Light Duty Trucks,deaths,0,0,0,0,0,0,0,0,-1,34,210,693,1579,4652,6629,8663,-9,-14,428,1462,2265,2990,2319,1652,-10,-16,348,1365,2104,2751,2170,1651,-9,-14,49,314,448,614,722,1411
National,Air pollution,Avoided premature mortalities,Avoided premature mortalities - Mobile - On-Road - Medium Duty Trucks,deaths,0,0,0,0,0,0,0,0,7,19,57,160,350,1027,1519,2308,4,14,91,307,560,917,755,456,4,14,91,300,550,918,762,424,4,7,9,9,11,15,27,194
National,Air pollution,Avoided premature mortalities,Avoided premature mortalities - all sectors,deaths,0,0,0,0,0,0,0,0,-130,119,3237,5392,7948,15241,20704,27160,-133,-1,2021,6204,8884,12002,11605,10457,-141,-30,1617,5453,7522,10959,10795,10112,-81,-19,-164,231,666,1675,2411,4348
National,Air pollution,Premature mortalities,Premature mortalities - Fuel Comb - Comm/Institutional - Coal,deaths,112,124,119,117,115,113,106,100,112,115,101,89,79,56,31,10,112,124,119,117,115,113,106,100,112,124,119,117,115,113,106,100,112,124,119,117,115,113,106,100
National,Air pollution,Premature mortalities,Premature mortalities - Fuel Comb - Comm/Institutional - Natural Gas,deaths,1424,1487,1518,1531,1547,1704,1639,1755,1424,1453,1427,1348,1234,951,589,340,1424,1478,1481,1431,1344,1172,905,786,1424,1478,1481,1431,1344,1182,923,816,1424,1483,1508,1514,1521,1648,1564,1650
National,Air pollution,Premature mortalities,Premature mortalities - Fuel Comb - Comm/Institutional - Oil,deaths,385,391,394,390,381,365,308,260,385,376,364,345,323,280,209,157,385,391,396,394,387,393,357,353,385,391,396,394,387,394,360,357,385,391,398,399,399,426,405,418
National,Air pollution,Premature mortalities,Premature mortalities - Fuel Comb - Comm/Institutional - Other,deaths,175,179,183,186,188,207,200,211,175,165,154,142,129,101,59,21,175,179,183,186,188,207,200,211,175,179,183,186,188,207,200,211,175,179,183,186,188,207,200,211
National,Air pollution,Premature mortalities,Premature mortalities - Fuel Comb - Electric Generation - Coal,deaths,6038,4009,3483,3641,3358,2850,2647,2094,6112,4020,1229,290,4,4,3,2,6102,4038,2600,1164,874,921,1003,1178,6102,4049,3026,1803,1623,1634,1447,1281,6062,3998,3858,4052,3787,3459,3216,2295
National,Air pollution,Premature mortalities,Premature mortalities - Fuel Comb - Electric Generation - Natural Gas,deaths,3431,3648,2065,1667,1410,1400,1235,1167,3471,3777,2027,1907,1450,1421,941,303,3449,3686,2107,1394,781,1010,1028,1022,3450,3686,2011,1475,1187,910,958,826,3432,3661,2061,1718,1473,1481,1354,1291
National,Air pollution,Premature mortalities,Premature mortalities - Fuel Comb - Residential - Natural Gas,deaths,2941,2982,3025,3070,3119,3539,3407,3709,2941,2918,2829,2632,2334,1647,864,302,2941,2910,2817,2633,2408,2065,1515,1243,2941,2910,2817,2633,2440,2184,1698,1514,2941,2926,2908,2896,2895,3187,3023,3234
National,Air pollution,Premature mortalities,Premature mortalities - Fuel Comb - Residential - Oil,deaths,748,728,713,700,689,720,648,598,748,737,716,672,607,459,271,108,748,731,697,633,562,429,262,124,748,731,697,633,563,431,262,122,748,734,717,689,648,544,362,169
National,Air pollution,Premature mortalities,Premature mortalities - Fuel Comb - Residential - Other,deaths,233,234,235,236,238,258,247,254,233,230,223,209,188,135,74,25,233,231,226,215,202,183,153,148,233,231,226,215,203,188,161,160,233,232,232,232,232,248,240,258
National,Air pollution,Premature mortalities,Premature mortalities - Industrial Processes - Coal Mining,deaths,196,146,144,147,140,132,126,117,199,147,95,62,48,46,43,39,197,148,122,91,77,80,78,82,197,148,129,103,94,110,107,88,197,146,149,153,147,141,137,124
National,Air pollution,Premature mortalities,Premature mortalities - Industrial Processes - Oil & Gas Production,deaths,4024,4233,4521,4494,4491,4709,4635,4719,4024,4231,4502,4556,4431,4295,3583,2323,4024,4208,4377,4278,4141,4248,4076,4024,4024,4208,4384,4274,4220,4271,4103,4083,4024,4227,4477,4468,4478,4725,4678,4815
National,Air pollution,Premature mortalities,Premature mortalities - Mobile - On-Road - Buses,deaths,259,255,252,248,251,284,276,304,279,284,284,268,231,110,14,2,258,253,247,241,241,270,263,290,258,253,247,241,241,270,263,290,258,253,247,241,241,270,263,290
National,Air pollution,Premature mortalities,Premature mortalities - Mobile - On-Road - Heavy Duty Trucks,deaths,1661,1718,1780,1830,1869,2076,2044,2206,1661,1710,1737,1684,1527,1013,484,212,1663,1715,1724,1579,1337,872,581,420,1663,1712,1680,1473,1218,773,536,429,1663,1717,1736,1639,1473,1099,732,462
National,Air pollution,Premature mortalities,Premature mortalities - Mobile - On-Road - Light Duty Autos,deaths,3864,3936,2714,2709,2694,2828,2637,2586,3863,3843,2488,2224,1887,1106,435,46,3908,3979,2548,2177,1774,1127,1099,1751,3915,3997,2571,2202,1797,1228,1170,1767,3915,4011,2775,2755,2686,2588,2214,2020
National,Air pollution,Premature mortalities,Premature mortalities - Mobile - On-Road - Light Duty Trucks,deaths,5710,6018,7144,7384,7617,8673,8428,8892,5711,5984,6934,6691,6038,4020,1798,229,5719,6031,6716,5922,5352,5683,6108,7240,5720,6033,6796,6019,5513,5922,6257,7241,5719,6032,7095,7070,7169,8059,7706,7481
National,Air pollution,Premature mortalities,Premature mortalities - Mobile - On-Road - Medium Duty Trucks,deaths,1320,1381,1439,1508,1599,1955,2019,2507,1313,1361,1382,1347,1248,928,500,199,1316,1366,1348,1200,1038,1038,1265,2051,1316,1366,1348,1208,1049,1037,1257,2083,1316,1374,1431,1498,1588,1940,1993,2313
National,Air pollution,Premature mortalities,Premature mortalities - all sectors,deaths,32520,31470,29729,29858,29705,31811,30603,31478,32650,31351,26492,24466,21757,16571,9898,4319,32653,31471,27709,23655,20822,19809,18998,21021,32661,31500,28112,24405,22183,20853,19807,21366,32602,31489,29893,29627,29040,30136,28191,27131
National,Air pollution,Air pollution damages,Air pollution damages - Fuel Comb - Comm/Institutional - Coal,billion 2019 USD,1,1.1,1.1,1,1,1,0.9,0.9,1,1,0.9,0.8,0.7,0.5,0.3,0.1,1,1.1,1.1,1,1,1,0.9,0.9,1,1.1,1.1,1,1,1,0.9,0.9,1,1.1,1.1,1,1,1,0.9,0.9
National,Air pollution,Air pollution damages,Air pollution damages - Fuel Comb - Comm/Institutional - Natural Gas,billion 2019 USD,12.6,13.2,13.5,13.6,13.7,15.1,14.6,15.6,12.6,12.9,12.7,12,11,8.4,5.2,3,12.6,13.1,13.2,12.7,11.9,10.4,8,7,12.6,13.1,13.2,12.7,11.9,10.5,8.2,7.2,12.6,13.2,13.4,13.4,13.5,14.6,13.9,14.7
National,Air pollution,Air pollution damages,Air pollution damages - Fuel Comb - Comm/Institutional - Oil,billion 2019 USD,3.4,3.5,3.5,3.5,3.4,3.2,2.7,2.3,3.4,3.3,3.2,3.1,2.9,2.5,1.8,1.4,3.4,3.5,3.5,3.5,3.4,3.5,3.2,3.1,3.4,3.5,3.5,3.5,3.4,3.5,3.2,3.2,3.4,3.5,3.5,3.5,3.6,3.8,3.6,3.7
National,Air pollution,Air pollution damages,Air pollution damages - Fuel Comb - Comm/Institutional - Other,billion 2019 USD,1.6,1.6,1.6,1.6,1.7,1.8,1.8,1.9,1.6,1.5,1.4,1.3,1.2,0.9,0.5,0.2,1.6,1.6,1.6,1.6,1.7,1.8,1.8,1.9,1.6,1.6,1.6,1.6,1.7,1.8,1.8,1.9,1.6,1.6,1.6,1.6,1.7,1.8,1.8,1.9
National,Air pollution,Air pollution damages,Air pollution damages - Fuel Comb - Electric Generation - Coal,billion 2019 USD,53.6,35.6,30.9,32.3,29.8,25.3,23.5,18.6,54.3,35.7,10.9,2.6,0,0,0,0,54.2,35.9,23.1,10.3,7.8,8.2,8.9,10.5,54.2,36,26.9,16,14.4,14.5,12.9,11.4,53.8,35.5,34.3,36,33.6,30.7,28.6,20.4
National,Air pollution,Air pollution damages,Air pollution damages - Fuel Comb - Electric Generation - Natural Gas,billion 2019 USD,30.5,32.4,18.3,14.8,12.5,12.4,11,10.4,30.8,33.6,18,16.9,12.9,12.6,8.4,2.7,30.6,32.7,18.7,12.4,6.9,9,9.1,9.1,30.6,32.7,17.9,13.1,10.5,8.1,8.5,7.3,30.5,32.5,18.3,15.3,13.1,13.2,12,11.5
National,Air pollution,Air pollution damages,Air pollution damages - Fuel Comb - Residential - Natural Gas,billion 2019 USD,26.1,26.5,26.9,27.3,27.7,31.4,30.3,32.9,26.1,25.9,25.1,23.4,20.7,14.6,7.7,2.7,26.1,25.8,25,23.4,21.4,18.3,13.5,11,26.1,25.8,25,23.4,21.7,19.4,15.1,13.5,26.1,26,25.8,25.7,25.7,28.3,26.9,28.7
National,Air pollution,Air pollution damages,Air pollution damages - Fuel Comb - Residential - Oil,billion 2019 USD,6.6,6.5,6.3,6.2,6.1,6.4,5.8,5.3,6.6,6.6,6.4,6,5.4,4.1,2.4,1,6.6,6.5,6.2,5.6,5,3.8,2.3,1.1,6.6,6.5,6.2,5.6,5,3.8,2.3,1.1,6.6,6.5,6.4,6.1,5.8,4.8,3.2,1.5
National,Air pollution,Air pollution damages,Air pollution damages - Fuel Comb - Residential - Other,billion 2019 USD,2.1,2.1,2.1,2.1,2.1,2.3,2.2,2.3,2.1,2,2,1.8,1.7,1.2,0.7,0.2,2.1,2,2,1.9,1.8,1.6,1.4,1.3,2.1,2,2,1.9,1.8,1.7,1.4,1.4,2.1,2.1,2.1,2.1,2.1,2.2,2.1,2.3
National,Air pollution,Air pollution damages,Air pollution damages - Industrial Processes - Coal Mining,billion 2019 USD,1.7,1.3,1.3,1.3,1.2,1.2,1.1,1,1.8,1.3,0.8,0.6,0.4,0.4,0.4,0.3,1.8,1.3,1.1,0.8,0.7,0.7,0.7,0.7,1.8,1.3,1.2,0.9,0.8,1,0.9,0.8,1.8,1.3,1.3,1.4,1.3,1.2,1.2,1.1
National,Air pollution,Air pollution damages,Air pollution damages - Industrial Processes - Oil & Gas Production,billion 2019 USD,35.7,37.6,40.2,39.9,39.9,41.8,41.2,41.9,35.7,37.6,40,40.5,39.4,38.1,31.8,20.6,35.7,37.4,38.9,38,36.8,37.7,36.2,35.7,35.7,37.4,38.9,38,37.5,37.9,36.4,36.3,35.7,37.5,39.8,39.7,39.8,42,41.5,42.8
National,Air pollution,Air pollution damages,Air pollution damages - Mobile - On-Road - Buses,billion 2019 USD,2.3,2.3,2.2,2.2,2.2,2.5,2.4,2.7,2.5,2.5,2.5,2.4,2,1,0.1,0,2.3,2.2,2.2,2.1,2.1,2.4,2.3,2.6,2.3,2.2,2.2,2.1,2.1,2.4,2.3,2.6,2.3,2.2,2.2,2.1,2.1,2.4,2.3,2.6
National,Air pollution,Air pollution damages,Air pollution damages - Mobile - On-Road - Heavy Duty Trucks,billion 2019 USD,14.8,15.3,15.8,16.3,16.6,18.4,18.2,19.6,14.8,15.2,15.4,15,13.6,9,4.3,1.9,14.8,15.2,15.3,14,11.9,7.8,5.2,3.7,14.8,15.2,14.9,13.1,10.8,6.9,4.8,3.8,14.8,15.3,15.4,14.6,13.1,9.8,6.5,4.1
National,Air pollution,Air pollution damages,Air pollution damages - Mobile - On-Road - Light Duty Autos,billion 2019 USD,34.3,35,24.1,24.1,23.9,25.1,23.4,23,34.3,34.1,22.1,19.8,16.8,9.8,3.9,0.4,34.7,35.3,22.6,19.3,15.8,10,9.8,15.6,34.8,35.5,22.8,19.6,16,10.9,10.4,15.7,34.8,35.6,24.6,24.5,23.9,23,19.7,17.9
National,Air pollution,Air pollution damages,Air pollution damages - Mobile - On-Road - Light Duty Trucks,billion 2019 USD,50.7,53.4,63.5,65.6,67.7,77,74.9,79,50.7,53.1,61.6,59.4,53.6,35.7,16,2,50.8,53.6,59.7,52.6,47.5,50.5,54.3,64.3,50.8,53.6,60.4,53.5,49,52.6,55.6,64.3,50.8,53.6,63,62.8,63.7,71.6,68.4,66.4
National,Air pollution,Air pollution damages,Air pollution damages - Mobile - On-Road - Medium Duty Trucks,billion 2019 USD,11.7,12.3,12.8,13.4,14.2,17.4,17.9,22.3,11.7,12.1,12.3,12,11.1,8.2,4.4,1.8,11.7,12.1,12,10.7,9.2,9.2,11.2,18.2,11.7,12.1,12,10.7,9.3,9.2,11.2,18.5,11.7,12.2,12.7,13.3,14.1,17.2,17.7,20.5
National,Air pollution,Air pollution damages,Air pollution damages - all sectors,billion 2019 USD,289,280,264,265,264,283,272,280,290,278,235,217,193,147,87.9,38.4,290,280,246,210,185,176,169,187,290,280,250,217,197,185,176,190,290,280,266,263,258,268,250,241